dt,ENT,FC,TC,ENT1,FC1,TC1,logENT,logFC,logTC,logENT1,logFC1,logTC1,wtemp,atemp,rad,wspd,tide,relhum,pres,rain,full_moon,rain1,rain3T,rain2T,rain4T,rain5T,rain6T,rain7T
4/16/01 10:34,5,5,5,40,10,85,0.7,0.7,0.7,1.61,1,1.93,,13.33333333,905.94,2.279904,3.019161,65,10,0,9,0,0,0,0,0,0,0
4/23/01 10:15,10,10,10,5,5,5,1,1,1,0.7,0.7,0.7,,11.5,782.95,1.34112,4.827378,94,12.7,0,16,0,0,0,0,0,0,0
4/30/01 10:45,5,19,52,10,10,10,0.7,1.3,1.72,1,1,1,,14.44444444,771.81,2.190496,3.308722,79,13.1,0,23,0,0,0,0,0,0,0
5/7/01 9:45,5,5,10,5,19,52,0.7,0.7,1,0.7,1.3,1.72,,22.11111111,614.93,1.966976,5.30723,45,11.9,0,0,0,0,0,0,0,0,0
5/14/01 9:37,5,5,5,5,5,10,0.7,0.7,0.7,0.7,0.7,1,,13.55555556,582.49,2.279904,3.352575,80,12.5,0,7,0,0,0,0,0,0,0
5/21/01 9:43,63,5,19,5,5,5,1.8,0.7,1.3,0.7,0.7,0.7,,12.05555556,287.13,4.69392,4.145747,96,13.5,0,14,0,0,0,0,0,0,0
5/29/01 10:08,5,52,83,63,5,19,0.7,1.72,1.92,1.8,0.7,1.3,,16.05555556,739.86,3.3528,3.157149,73,13.3,0,22,0,0,0,0,0,0,0
6/4/01 10:19,5,5,10,5,52,83,0.7,0.7,1,0.7,1.72,1.92,,14.05555556,763.1,3.844544,4.406703,82,13.1,0,28,0,0,0,0,0,0,0
6/11/01 8:20,74,162,186,5,5,10,1.87,2.21,2.27,0.7,0.7,1,,12.27777778,98.78,1.654048,4.156833,94,13.5,0,6,0,0,0,0,0,0,0
6/18/01 10:04,5,19,40,74,162,186,0.7,1.3,1.61,1.87,2.21,2.27,,17.83333333,779.08,2.861056,3.004624,70,14.4,0,13,0,0,0,0,0,0,0
6/25/01 9:56,5,5,5,5,19,40,0.7,0.7,0.7,0.7,1.3,1.61,,15.66666667,532.62,2.190496,5.235011,80,14.2,0,20,0,0,0,0,0,0,0
7/2/01 10:16,5,30,30,5,5,5,0.7,1.49,1.49,0.7,0.7,0.7,,18.38888889,693.86,3.039872,3.218245,76,16,0,27,0,0,0,0,0,0,0
7/9/01 10:15,10,40,85,5,30,30,1,1.61,1.93,0.7,1.49,1.49,,15.55555556,219.83,2.950464,5.016551,84,14.8,0,4,0,0,0,0,0,0,0
7/16/01 10:03,19,40,158,10,40,85,1.3,1.61,2.2,1,1.61,1.93,,15.61111111,364.12,4.291584,1.932125,83,14.8,0,11,0,0,0,0,0,0,0
7/23/01 8:56,10,5,10,19,40,158,1,0.7,1,1.3,1.61,2.2,,12.66666667,105.07,2.056384,6.265095,96,14.1,0,18,0,0,0,0,0,0,0
7/30/01 10:04,5,5,19,10,5,10,0.7,0.7,1.3,1,0.7,1,,17.27777778,614.45,2.950464,1.97113,84,16.6,0,25,0,0,0,0,0,0,0
8/6/01 9:03,5,5,5,5,5,19,0.7,0.7,0.7,0.7,0.7,1.3,,18.05555556,564.58,1.698752,5.472082,86,17.9,0,3,0,0,0,0,0,0,0
8/13/01 10:20,5,19,40,5,5,5,0.7,1.3,1.61,0.7,0.7,0.7,,15.22222222,137.03,1.56464,1.310217,89,15.5,0,10,0,0,0,0,0,0,0
8/20/01 10:03,74,301,812,5,19,40,1.87,2.48,2.91,0.7,1.3,1.61,,14.55555556,202.88,2.279904,6.491621,87,14.5,0,17,0,0,0,0,0,0,0
8/27/01 9:28,5,5,63,74,301,812,0.7,0.7,1.8,1.87,2.48,2.91,,13.94444444,424.64,1.385824,0.934733,98,15.5,0,24,0,0,0,0,0,0,0
9/4/01 9:45,457,3467,7244,5,5,63,2.66,3.54,3.86,0.7,0.7,1.8,,14.16666667,222.25,1.162304,5.213825,98,15.9,0,2,0,0,0,0,0,0,0
9/10/01 8:45,10,30,52,457,3467,7244,1,1.49,1.72,2.66,3.54,3.86,,16.05555556,248.39,2.45872,1.19282,83,15.2,0,8,0,0,0,0,0,0,0
9/17/01 10:10,52,61,141,10,30,52,1.72,1.79,2.15,1,1.49,1.72,,14.38888889,109.91,1.475232,5.589945,94,15.4,0,15,0,0,0,0,0,0,0
9/24/01 12:15,5,51,97,52,61,141,0.7,1.71,1.99,1.72,1.79,2.15,,14.72222222,382.03,2.861056,0.504526,88,14.7,0,23,0,0,0,0,0,0,0
10/1/01 9:23,85,10,40,5,51,97,1.93,1,1.61,0.7,1.71,1.99,,15.05555556,398.98,1.922272,4.445194,97,16.6,0,29,0,0,0,0,0,0,0
10/8/01 9:29,5,30,51,85,10,40,0.7,1.49,1.71,1.93,1,1.61,,13.83333333,45.03,0.983488,1.476039,89,14.1,0,6,0,0,0,0,0,0,0
10/15/01 9:15,5,19,40,5,30,51,0.7,1.3,1.61,0.7,1.49,1.71,,14.94444444,156.4,2.369312,3.953877,86,14.6,0,13,0,0,0,0,0,0,0
10/22/01 10:00,5,5,19,5,19,40,0.7,0.7,1.3,0.7,1.3,1.61,,12.22222222,152.52,1.028192,0.901384,89,12.7,0,20,0,0,0,0,0,0,0
10/29/01 9:58,109,63,97,5,5,19,2.04,1.8,1.99,0.7,0.7,1.3,,15,117.66,2.90576,2.37249,79,13.5,0,27,0,0,0,0,0,0,0
12/11/01 9:13,5,5,10,109,63,97,0.7,0.7,1,2.04,1.8,1.99,,7.555555556,185.93,1.832864,1.704226,81,8.4,0,11,0,2.032,0,2.032,2.032,2.032,2.032
1/8/02 9:40,5,40,63,5,5,10,0.7,1.61,1.8,0.7,0.7,1,,7.944444444,71.66,1.609344,1.826984,99,10.6,0,9,0,0,0,0,0,9.906,16.002
2/12/02 10:05,5,10,10,5,40,63,0.7,1,1,0.7,1.61,1.8,,11.61111111,295.36,2.45872,4.095994,66,9,0,15,0,0,0,0,3.556,3.81,3.81
3/5/02 9:35,5,10,10,5,10,10,0.7,1,1,0.7,1,1,,10.5,334.1,1.966976,3.746801,86,10.9,0,6,0,0,0,0,0,0,0
4/1/02 9:15,5,5,5,5,10,10,0.7,0.7,0.7,0.7,1,1,,9.833333333,155.43,1.296416,5.523452,99,12,0,4,0,0,0,0,0,0,0
4/8/02 9:52,30,5,5,5,5,5,1.48,0.7,0.7,0.7,0.7,0.7,,11.27777778,114.27,2.056384,3.441312,94,12.6,0,11,0,0,0,0,0,0,0
4/15/02 9:10,5,5,63,30,5,5,0.7,0.7,1.8,1.48,0.7,0.7,,12.27777778,511.8,5.588,4.977088,58,8.2,0,18,0,0,0,0,0,0,0
4/22/02 9:02,10,162,257,5,5,63,1,2.21,2.41,0.7,0.7,1.8,,16.44444444,571.35,2.45872,2.765997,66,12.4,0,25,0,0,0,0,0,4.318,4.318
5/6/02 9:30,5,5,5,10,162,257,0.7,0.7,0.7,1,2.21,2.41,,12.94444444,594.6,2.056384,2.849572,83,12.4,0,10,0,0,0,0,0,0.254,0.254
5/13/02 9:11,5,5,19,5,5,5,0.7,0.7,1.3,0.7,0.7,0.7,,13.88888889,547.14,1.966976,5.270167,73,11.7,0,17,0,0.508,0.508,0.508,0.508,0.508,0.508
5/28/02 9:35,30,30,74,5,5,19,1.48,1.48,1.87,0.7,0.7,1.3,,15.33333333,636.72,2.101088,6.113724,88,15.4,0,2,0,0,0,0,0,0,0
6/3/02 9:14,5,5,5,30,30,74,0.7,0.7,0.7,1.48,1.48,1.87,,12.83333333,223.22,1.698752,2.669156,84,12.4,0,8,0,0,0,0,0,0,0
6/10/02 9:23,52,74,269,5,5,5,1.72,1.87,2.43,0.7,0.7,0.7,,20.38888889,668.68,1.296416,4.918175,48,11.5,0,15,0,0,0,0,0,0,0
6/17/02 8:40,5,5,5,52,74,269,0.7,0.7,0.7,1.72,1.87,2.43,,14.11111111,464.35,2.324608,3.070183,86,13.9,0,22,0,0,0,0,0,0,0
6/24/02 9:31,10,10,10,5,5,5,1,1,1,0.7,0.7,0.7,,12.72222222,244.04,1.385824,5.338051,97,14.3,0,0,0,0,0,0,0,0,0
7/1/02 9:44,5,5,5,10,10,10,0.7,0.7,0.7,1,1,1,,14.94444444,552.95,2.056384,3.129911,90,15.2,0,7,0,0,0,0,0,0,0
7/2/02 9:15,5,5,5,5,5,5,0.7,0.7,0.7,0.7,0.7,0.7,,12.55555556,183.03,1.922272,2.580441,98,14.4,0,8,0,0,0,0,0,0,0
7/8/02 9:29,5,5,5,5,5,5,0.7,0.7,0.7,0.7,0.7,0.7,,14.11111111,592.17,2.950464,3.948123,95,15.3,0,14,0,0,0,0,0,0,0
7/15/02 10:06,5,52,95,5,5,5,0.7,1.72,1.98,0.7,0.7,0.7,,13.38888889,245,2.726944,3.861182,92,14.1,0,21,0,0,0,0,0,0,0
7/22/02 9:28,5,19,52,5,52,95,0.7,1.3,1.72,0.7,1.72,1.98,,15.5,537.46,2.2352,4.143926,85,15,0,28,0,0,0,0,0,0,0
7/29/02 9:15,5,5,52,5,19,52,0.7,0.7,1.72,0.7,1.3,1.72,,16.38888889,219.34,1.966976,3.95066,85,15.9,0,5,0,0,0,0,0,0,0
8/5/02 9:58,5,5,5,5,5,52,0.7,0.7,0.7,0.7,0.7,1.72,,14.94444444,236.29,1.1176,2.624396,96,16.3,0,12,0,0,0,0,0,0,0
8/12/02 9:39,19,169,870,5,5,5,1.3,2.23,2.94,0.7,0.7,0.7,,15.11111111,459.5,1.56464,4.839073,85,14.6,0,19,0,0,0,0,0,0,0
8/19/02 10:04,19,10,40,19,169,870,1.3,1,1.61,1.3,2.23,2.94,,14.61111111,191.26,2.503424,2.734562,85,14.1,0,26,0,0,0,0,0,0,0
8/26/02 8:35,5,5,5,19,10,40,0.7,0.7,0.7,1.3,1,1.61,,12.44444444,81.83,1.1176,4.586754,99,14.3,0,4,0,0,0,0,0,0,0
9/3/02 9:29,5,30,97,5,5,5,0.7,1.49,1.99,0.7,0.7,0.7,,14.16666667,171.41,1.430528,1.98658,99,16,0,12,0,0,0,0,0,0,0
9/9/02 10:03,5,120,158,5,30,97,0.7,2.08,2.2,0.7,1.49,1.99,,22.83333333,664.8,1.609344,5.488909,46,12.8,0,18,0,0,0,0,0,0,0
9/12/02 8:07,5,61,154,5,120,158,0.7,1.79,2.19,0.7,2.08,2.2,,12.94444444,71.18,1.1176,1.507144,96,14.3,0,21,0,0,0,0,0,0,0
9/16/02 8:50,10,933,1479,5,61,154,1,2.97,3.17,0.7,1.79,2.19,,13.94444444,98.29,1.385824,1.300864,98,15.6,0,25,0,0,0,0,0,0,0
9/17/02 9:58,5,52,97,10,933,1479,0.7,1.72,1.99,1,2.97,3.17,,14.22222222,157.85,1.1176,2.296649,98,16,0,26,0,0,0,0,0,0,0
9/23/02 10:03,5,97,186,5,52,97,0.7,1.99,2.27,0.7,1.72,1.99,,15.27777778,603.31,2.279904,4.694638,97,16.8,0,2,0,0,0,0,0,0,0
9/30/02 9:18,5,5,5,5,97,186,0.7,0.7,0.7,0.7,1.99,2.27,,14.33333333,112.33,1.34112,0.641966,85,13.9,0,9,0,0,0,0,0,0,0
10/7/02 9:07,10,275,794,5,5,5,1,2.44,2.9,0.7,0.7,0.7,,21.11111111,390.75,2.414016,5.324797,53,13.2,0,16,0,0,0,0,0,0,0
10/14/02 8:49,5,5,107,10,275,794,0.7,0.7,2.03,1,2.44,2.9,,12.72222222,53.75,1.430528,0.239805,99,14.6,0,23,0,0,0,0,0,0,0
10/21/02 10:13,10,30,30,5,5,107,1,1.49,1.49,0.7,0.7,2.03,,12.72222222,119.11,2.056384,4.303583,99,14.6,0,1,0,0,0,0,0,0,0
10/28/02 9:34,5,316,389,10,30,30,0.7,2.5,2.59,1,1.49,1.49,,12.83333333,314.24,2.592832,1.040862,80,11.8,0,8,0,0,0,0,0,0,0
11/5/02 9:30,40,134,134,5,316,389,1.61,2.13,2.13,0.7,2.5,2.59,,10.22222222,249.36,2.68224,4.229827,83,10.4,0,16,0,0,0,0,0,0,0
12/3/02 9:46,10,5,5,40,134,134,1,0.7,0.7,1.61,2.13,2.13,,10.05555556,188.35,2.861056,3.311087,87,10.7,0,14,0,0,0,0,0,0,0
12/16/02 8:28,1778,575,3019,10,5,5,3.25,2.76,3.48,1,0.7,0.7,,13.44444444,8.72,4.559808,2.600305,97,14.9,0,27,0.508,36.576,6.858,38.1,38.1,38.1,45.466
1/7/03 9:36,5,5,5,1778,575,3019,0.7,0.7,0.7,3.25,2.76,3.48,,9.388888889,178.67,2.726944,2.862285,79,9.3,0,19,0,0,0,0,14.224,14.224,14.224
2/4/03 8:44,5,5,10,5,5,5,0.7,0.7,1,0.7,0.7,0.7,,6.222222222,56.17,2.324608,4.064325,83,7.9,0,17,0,0,0,0,0,0,0
3/4/03 9:02,5,5,5,5,5,10,0.7,0.7,0.7,0.7,0.7,1,,8.777777778,349.11,2.816352,4.489355,89,10.1,0,16,0,0,0,0,0,5.842,5.842
3/16/03 15:22,5,5,5,5,5,5,0.7,0.7,0.7,0.7,0.7,0.7,,14.38888889,650.28,3.755136,3.255658,85,13.9,0,29,4.826,23.114,22.352,23.114,23.114,23.114,23.114
4/2/03 8:57,30,123,630,5,5,5,1.49,2.09,2.8,0.7,0.7,0.7,,9.388888889,166.08,1.475232,4.444271,94,11.1,0,15,4.826,4.826,4.826,4.826,4.826,4.826,4.826
4/7/03 9:47,5,109,173,30,123,630,0.7,2.04,2.24,1.49,2.09,2.8,,13.27777778,524.87,1.877568,4.202127,78,11.9,0,20,0,0,0,8.636,9.398,14.224,14.224
4/14/03 9:14,19,19,208,5,109,173,1.3,1.3,2.32,0.7,2.04,2.24,,12.66666667,573.29,2.01168,3.557847,77,11.3,0,27,0,8.89,8.89,8.89,8.89,8.89,8.89
4/21/03 9:34,19,19,109,19,19,208,1.3,1.3,2.04,1.3,1.3,2.32,,12.77777778,465.31,2.861056,4.678272,78,11.5,0,5,0,0,0,0.762,4.064,4.064,5.334
5/5/03 9:30,5,30,30,19,19,109,0.7,1.49,1.49,1.3,1.3,2.04,,13.05555556,564.58,2.503424,4.946215,76,11.4,0,19,0,4.826,0,5.842,5.842,5.842,8.382
5/13/03 9:40,5,19,19,5,30,30,0.7,1.3,1.3,0.7,1.49,1.49,,12.83333333,165.6,1.922272,3.090171,92,13.7,0,27,0,0,0,0,0.762,0.762,1.016
5/19/03 10:10,5,10,10,5,19,19,0.7,1,1,0.7,1.3,1.3,,18.44444444,801.83,3.486912,5.836187,62,13.1,0,4,0,0,0,0,0,0,0
5/27/03 10:10,5,5,5,5,10,10,0.7,0.7,0.7,0.7,1,1,,19.77777778,780.04,3.173984,3.303084,61,14.1,0,12,0,0,0,0,0,0,0
6/2/03 9:55,5,19,30,5,5,5,0.7,1.3,1.49,0.7,0.7,0.7,,18,626.07,1.609344,5.453351,73,15.1,0,18,0,0,0,0,0,0,0
6/9/03 9:07,5,5,5,5,19,30,0.7,0.7,0.7,0.7,1.3,1.49,,13.22222222,158.33,3.173984,2.037605,92,13.9,0,25,0,0,0,0,0,0,0
6/16/03 10:37,10,131,169,5,5,5,1,2.12,2.23,0.7,0.7,0.7,,15.66666667,755.83,3.12928,6.485867,84,15,0,2,0,0,0,0,0,0,0
6/23/03 9:24,5,5,5,10,131,169,0.7,0.7,0.7,1,2.12,2.23,,13.77777778,464.83,3.397504,2.155686,78,12.3,0,9,0,0,0,0,0,0,0
6/30/03 9:05,5,5,5,5,5,5,0.7,0.7,0.7,0.7,0.7,0.7,,14.83333333,212.56,2.771648,5.550412,93,15.8,0,16,0,0,0,0,0,0,0
7/7/03 9:45,5,19,30,5,5,5,0.7,1.3,1.49,0.7,0.7,0.7,,13.16666667,153.49,1.654048,1.924858,93,14.1,0,23,0,0,0,0,0,0,0
7/14/03 9:27,19,30,120,5,19,30,1.3,1.49,2.08,0.7,1.3,1.49,,17.16666667,612.03,2.145792,6.266325,78,15.3,0,1,0,0,0,0,0,0,0
7/22/03 10:35,5,5,5,19,30,120,0.7,0.7,0.7,1.3,1.49,2.08,,15.55555556,641.08,3.12928,1.762355,92,16.2,0,9,0,0,0,0,0,0,0
7/28/03 9:52,30,63,85,5,5,5,1.49,1.8,1.93,0.7,0.7,0.7,,15.88888889,323.93,1.072896,5.020027,94,16.9,0,15,0,0,0,0,0,0,0
8/4/03 9:25,5,5,5,30,63,85,0.7,0.7,0.7,1.49,1.8,1.93,,17.77777778,495.82,1.34112,2.232083,88,18,0,22,0,0,0,0,0,0,0
8/11/03 9:25,5,5,204,5,5,5,0.7,0.7,2.31,0.7,0.7,0.7,,18.55555556,570.87,1.966976,5.248763,79,16.9,0,0,0,0,0,0,0,0,0
8/18/03 9:10,5,19,74,5,5,204,0.7,1.3,1.87,0.7,0.7,2.31,,15.05555556,151.55,1.207008,2.363708,98,16.7,0,7,0,0,0,0,0,0,0
8/25/03 9:46,5,74,74,5,19,74,0.7,1.87,1.87,0.7,1.3,1.87,,19.44444444,510.83,2.145792,3.797405,90,20.4,0,14,0,0,0,0,0,0,0
9/2/03 9:05,19,52,173,5,74,74,1.3,1.72,2.24,0.7,1.87,1.87,,15.44444444,180.61,1.966976,1.557942,98,17.2,0,22,0,0,0,0,0,0,0
9/8/03 9:23,5,10,30,19,52,173,0.7,1,1.49,1.3,1.72,2.24,,17.05555556,336.03,1.966976,3.758554,92,17.8,0,28,0,0,0,0,0,0,0
9/15/03 9:15,5,5,30,5,10,30,0.7,0.7,1.48,0.7,1,1.49,,16.83333333,104.1,1.34112,2.999275,93,17.9,0,5,0,0,0,0,0,0,0
9/22/03 9:12,5,5,5,5,5,30,0.7,0.7,0.7,0.7,0.7,1.48,,19.83333333,434.81,2.68224,2.211326,79,18.3,0,12,0,0,0,0,0,0,0
9/29/03 9:31,5,40,52,5,5,5,0.7,1.61,1.72,0.7,0.7,0.7,,15.66666667,329.74,0.44704,3.616259,96,17.1,0,19,0,0,0,0,0,0,0
10/6/03 10:12,10,63,85,5,40,52,1,1.8,1.93,0.7,1.61,1.72,,14.27777778,369.44,1.162304,2.136311,100,16.2,0,26,0,0,0,0,0,0,0
10/13/03 9:18,5,5,10,10,63,85,0.7,0.7,1,1,1.8,1.93,,15.11111111,433.36,0.983488,3.471298,80,13.7,0,4,0,0,0,0,0,0,0
10/20/03 10:18,5,10,10,5,5,10,0.7,1,1,0.7,0.7,1,,16.11111111,475.48,4.068064,0.89207,87,15.9,0,11,0,0,0,0,0,0,0
10/27/03 8:45,5,5,30,5,10,10,0.7,0.7,1.48,0.7,1,1,,15.33333333,169.95,1.519936,4.405456,62,10.8,0,18,0,0,0,0,0,0,0
12/2/03 9:03,5,5,5,5,5,30,0.7,0.7,0.7,0.7,0.7,1.48,,11.66666667,172.86,2.548128,0.707318,95,13,0,24,1.778,6.604,4.826,6.604,6.604,6.604,6.604
1/6/04 8:10,5,5,5,5,5,5,0.7,0.7,0.7,0.7,0.7,0.7,,7.555555556,13.56,2.145792,3.641909,71,7.4,0,29,0,0,0,2.032,16.51,19.812,19.812
2/10/04 8:17,19,5,10,5,5,5,1.3,0.7,1,0.7,0.7,0.7,,3.833333333,56.17,1.251712,4.175313,87,7,0,4,0,0,0,0.508,0.508,0.508,2.54
3/2/04 8:50,5,5,5,19,5,10,0.7,0.7,0.7,1.3,0.7,1,,5.277777778,75.05,1.072896,3.207886,99,8.8,0,25,2.032,2.54,2.54,2.54,5.588,18.288,24.384
4/5/04 9:45,5,5,10,5,5,5,0.7,0.7,1,0.7,0.7,0.7,,12.16666667,231.45,3.57632,4.934738,74,10.5,0,0,0,0,0,0,0,0,0
4/8/04 11:20,5,5,5,5,5,10,0.7,0.7,0.7,0.7,0.7,1,,12.83333333,394.14,1.609344,5.591399,91,13.5,0,3,0,0,0,0,0,0,0
4/12/04 9:15,10,63,63,5,5,5,1,1.8,1.8,0.7,0.7,0.7,,11.44444444,153.49,1.162304,3.275378,89,12,0,7,0,0,0,0,0,0,0
4/19/04 9:20,5,5,5,10,63,63,0.7,0.7,0.7,1,1.8,1.8,,14.94444444,495.34,2.279904,4.984596,71,12,0,14,0,0,0,0,0,0,0
4/26/04 9:07,5,5,5,5,5,5,0.7,0.7,0.7,0.7,0.7,0.7,,23.61111111,570.87,3.3528,3.795058,46,13.4,0,21,0,0,0,0,0,0,0.762
5/3/04 9:15,5,30,40,5,5,5,0.7,1.49,1.61,0.7,0.7,0.7,,14.22222222,595.56,1.743456,4.184841,97,15.8,0,28,0,0,0,0,0,0,0
5/10/04 9:09,5,10,10,5,30,40,0.7,1,1,0.7,1.49,1.61,,14.83333333,676.91,4.69392,3.901786,70,11.8,0,6,0,0,0,0,0,0,0
5/17/04 10:15,5,5,85,5,10,10,0.7,0.7,1.93,0.7,1,1,,16.11111111,861.87,3.486912,4.320073,74,13.6,0,13,0,0,0,0,0,0,0
5/24/04 10:04,5,30,40,5,5,85,0.7,1.49,1.61,0.7,0.7,1.93,,15.5,344.27,3.218688,4.504878,77,13.6,0,20,0,0,0,0,0,0,0
6/1/04 9:45,5,5,19,5,30,40,0.7,0.7,1.3,0.7,1.49,1.61,,12.94444444,260.5,1.475232,3.768662,97,14.5,0,28,0,0,0,0,2.032,2.032,2.032
6/7/04 9:03,40,10,10,5,5,19,1.61,1,1,0.7,0.7,1.3,,15.66666667,681.27,3.621024,5.003044,73,13.1,0,5,0,0,0,0,0,0,0
6/14/04 8:32,5,30,83,40,10,10,0.7,1.48,1.92,1.61,1,1,,13.38888889,310.86,1.519936,3.286119,96,14.7,0,12,0,0,0,0,0,0,0
6/21/04 9:31,5,19,30,5,30,83,0.7,1.3,1.49,0.7,1.48,1.92,,14.66666667,197.07,1.832864,5.247071,83,13.9,0,19,0,0,0,0,0,0,0
6/28/04 8:50,5,5,229,5,19,30,0.7,0.7,2.36,0.7,1.3,1.49,,14.16666667,114.76,3.308096,1.740593,96,15.5,0,26,0,0,0,0,0,0,0
7/6/04 9:03,549,144,331,5,5,229,2.74,2.16,2.52,0.7,0.7,2.36,,13.94444444,176.25,2.279904,5.027008,99,15.8,0,4,0,0,0,0,0,0,0
7/8/04 12:40,5,5,5,549,144,331,0.7,0.7,0.7,2.74,2.16,2.52,,19.44444444,860.91,5.230368,2.639119,71,16,0,7,0,0,0,0,0,0,0
7/12/04 8:55,5,10,30,5,5,5,0.7,1,1.48,0.7,0.7,0.7,,12.88888889,101.68,2.2352,2.17192,97,14.4,0,10,0,0,0,0,0,0,0
7/19/04 9:40,10,5,19,5,10,30,1,0.7,1.3,0.7,1,1.48,,17.38888889,484.2,1.698752,5.703586,99,19.6,0,17,0,0,0,0,0,0,0
7/26/04 9:03,10,63,120,10,5,19,1,1.8,2.08,1,0.7,1.3,,14.94444444,141.39,1.966976,1.08179,98,16.6,0,24,0,0,0,0,0,0,0
8/2/04 9:20,10,5,19,10,63,120,1,0.7,1.3,1,1.8,2.08,,16.05555556,104.59,2.503424,6.533668,89,16.2,0,2,0,0,0,0,0,0,0
8/9/04 11:47,5,5,5,10,5,19,0.7,0.7,0.7,1,0.7,1.3,,16.61111111,333.13,2.414016,1.321939,91,17.3,0,9,0,0,0,0,0,0,0
8/16/04 9:03,10,74,85,5,5,5,1,1.87,1.93,0.7,0.7,0.7,,16.05555556,354.43,1.966976,5.554976,97,17.7,0,16,0,0,0,0,0,0,0
8/23/04 8:53,5,30,30,10,74,85,0.7,1.49,1.49,1,1.87,1.93,,17.5,143.81,1.475232,0.90964,97,19.4,0,23,0,0,0,0,0,0,0
8/31/04 9:19,10,19,40,5,30,30,1,1.3,1.61,0.7,1.49,1.49,,16.5,115.72,1.072896,5.937841,97,18.2,0,2,0,0,0,0,0,0,0
9/7/04 8:55,5,5,10,10,19,40,0.7,0.7,1,1,1.3,1.61,,20.61111111,306.5,2.145792,0.991958,52,12.7,0,9,0,0,0,0,0,0,0
9/13/04 9:50,5,5,5,5,5,10,0.7,0.7,0.7,0.7,0.7,1,,17.88888889,457.57,1.698752,4.626416,82,16.9,0,15,0,0,0,0,0,0,0
9/20/04 9:13,40,85,208,5,5,5,1.61,1.93,2.32,0.7,0.7,0.7,,14.33333333,497.27,1.296416,1.138315,89,14.6,0,22,0,0,0,0,0,0,0
9/27/04 9:25,40,74,97,40,85,208,1.61,1.87,1.99,1.61,1.93,2.32,,13.72222222,51.33,1.654048,4.504363,94,14.8,0,29,0,0,0,0,0,0,0
10/3/04 18:02,10,10,19,40,74,97,1,1,1.3,1.61,1.87,1.99,,14.38888889,6.29,1.519936,2.110428,96,15.8,0,6,0,0,0,0,0,0,0
10/11/04 9:52,10,10,30,10,10,19,1,1,1.49,1,1,1.3,,17.22222222,207.24,2.548128,3.130217,64,12.5,0,13,0,0,0,0,0,0,0
10/18/04 9:17,707,851,3311,10,10,30,2.85,2.93,3.52,1,1,1.49,,14.11111111,49.39,1.1176,1.774446,100,16.2,0,20,10.16,21.082,21.082,21.082,21.082,21.082,21.082
10/25/04 10:10,10,95,436,707,851,3311,1,1.98,2.64,2.85,2.93,3.52,,14.16666667,265.83,2.503424,2.939918,83,13.4,0,27,0,0,0,0,0,0,10.668
11/2/04 10:05,5,30,186,10,95,436,0.7,1.49,2.27,1,1.98,2.64,,15.33333333,431.42,2.90576,2.144343,59,10.3,0,6,0,0,0,0,0,0,0
12/13/04 11:00,1,134,363,5,30,186,0,2.13,2.56,0.7,1.49,2.27,,15.16666667,420.28,1.966976,3.97845,82,14.2,0,17,0,0,0,0,2.286,11.43,14.986
12/20/04 8:48,5,120,199,1,134,363,0.7,2.08,2.3,0,2.13,2.56,,3.111111111,30.99,0.938784,1.277913,97,7.5,0,24,0,0,0,0,0,0,0
1/18/05 10:06,10,19,524,5,120,199,1,1.3,2.72,0.7,2.08,2.3,,13.11111111,306.5,3.531616,2.439729,75,11.4,0,23,0,0,0,0,0,0,3.302
2/1/05 9:17,5,52,83,10,19,524,0.7,1.72,1.92,1,1.3,2.72,,10.16666667,206.27,3.263392,3.430686,81,10.1,0,7,0,0,0,2.794,9.398,16.51,20.32
3/8/05 9:10,10,10,134,5,52,83,1,1,2.13,0.7,1.72,1.92,,12.44444444,190.77,1.832864,3.25311,100,14.6,0,13,0,0,0,12.7,20.066,20.066,28.194
4/6/05 7:30,10,5,19,10,10,134,1,0.7,1.3,1,1,2.13,13.4,7.333333333,76.99,0.89408,3.712924,99,10.1,0,12,0,16.002,0,16.002,16.002,16.002,16.002
4/11/05 8:22,5,5,10,10,5,19,0.7,0.7,1,1,0.7,1.3,14.1,12.61111111,306.5,1.251712,5.460952,88,12.8,0,17,0,6.604,0,8.89,11.176,11.176,11.176
4/18/05 6:44,63,295,380,5,5,10,1.8,2.47,2.58,0.7,0.7,1,12.5,4.777777778,13.56,0.67056,3.043395,100,8.7,0,24,0,4.318,0,4.318,4.318,4.318,4.318
4/25/05 9:06,10,173,407,63,295,380,1,2.24,2.61,1.8,2.47,2.58,11.7,13.61111111,516.16,1.519936,5.497135,87,13.5,0,1,0,3.302,0.508,3.302,3.302,3.302,3.302
5/2/05 11:02,5,5,40,10,173,407,0.7,0.7,1.61,1,2.24,2.61,14.5,16.72222222,848.8,3.978656,2.686714,77,14.7,0,8,0,0,0,0,6.604,6.604,6.604
5/11/05 9:55,10,5,5,5,5,40,1,0.7,0.7,0.7,0.7,1.61,14.8,15.16666667,599.92,1.385824,5.361951,75,12.9,0,17,0,4.572,0,4.572,4.572,4.572,16.256
5/16/05 9:12,10,5,5,10,5,5,1,0.7,0.7,1,0.7,0.7,16.5,17.38888889,600.89,6.303264,3.052428,84,16.7,0,22,0,0,0,0,0,0,0
5/23/05 8:49,40,30,144,10,5,5,1.61,1.49,2.16,1,0.7,0.7,15.6,13.66666667,446.92,2.190496,4.989885,87,13.6,0,0,0,0,0,0,0,0,0
5/31/05 9:41,5,295,436,40,30,144,0.7,2.47,2.64,1.61,1.49,2.16,13.1,14.22222222,176.25,2.414016,2.177193,94,15.3,0,8,0,0,0,0,0,0,0
6/6/05 14:00,5,5,5,5,295,436,0.7,0.7,0.7,0.7,2.47,2.64,12.4,17.05555556,938.86,9.521952,5.03033,67,13,0,15,0,0,0,0,0,0,0
6/13/05 10:15,10,5,5,5,5,5,1,0.7,0.7,0.7,0.7,0.7,14.8,17.16666667,771.81,3.3528,3.593379,81,15.9,0,21,0,0,0,0,0,0,0
6/20/05 10:08,5,30,61,10,5,5,0.7,1.49,1.79,1,0.7,0.7,14.2,17.05555556,745.67,4.202176,3.775866,81,15.8,0,28,0,0,0,0,0,0,0
6/27/05 8:55,40,19,199,5,30,61,1.61,1.3,2.3,0.7,1.49,1.79,14.7,15.05555556,130.25,2.90576,3.541911,84,14.5,0,6,0,0,0,0,0,0,0
7/5/05 10:33,5,19,40,40,19,199,0.7,1.3,1.61,1.61,1.3,2.3,14.3,14.61111111,199.49,2.190496,4.781398,92,15.4,0,14,0,0,0,0,0,0,0
7/11/05 9:35,5,5,5,5,19,40,0.7,0.7,0.7,0.7,1.3,1.61,16.4,16.5,378.64,1.56464,4.390442,100,18.8,0,20,0,0,0,0,0,0,0
7/19/05 9:20,5,10,30,5,5,5,0.7,1,1.49,0.7,0.7,0.7,13.4,17.94444444,146.71,1.519936,3.431894,100,21,0,28,0,0,0,0,0,0,0
7/25/05 9:00,5,5,10,5,10,30,0.7,0.7,1,0.7,1,1.49,14.8,15.94444444,163.17,1.78816,4.656638,100,18.6,0,4,0,0,0,0,0,0,0
8/1/05 8:46,5,19,30,5,5,10,0.7,1.3,1.49,0.7,0.7,1,14.8,16.38888889,110.88,0.983488,2.912972,100,19.1,0,11,0,0,0,0,0,0,0
8/8/05 9:43,5,19,74,5,19,30,0.7,1.3,1.87,0.7,1.3,1.49,14,12.94444444,149.62,2.056384,4.997044,100,15.3,0,18,0,0,0,0,0,0,0
8/15/05 9:39,5,147,190,5,19,74,0.7,2.17,2.28,0.7,1.3,1.87,14.2,14.55555556,90.55,1.385824,1.124633,98,16.3,0,25,0,0,0,0,0,0,0
8/22/05 9:35,5,5,5,5,147,190,0.7,0.7,0.7,0.7,2.17,2.28,15.4,13.61111111,154.46,1.251712,5.504101,98,15.2,0,3,0,0,0,0,0,0,0
8/29/05 8:30,10,10,10,5,5,5,1,1,1,0.7,0.7,0.7,15.7,12.61111111,90.06,1.251712,1.652315,100,15,0,10,0,0,0,0,0,0,0
9/6/05 8:46,10,5,5,10,10,10,1,0.7,0.7,1,1,1,15.7,12.16666667,82.31,1.78816,4.677657,100,14.4,0,18,0,0,0,0,0,0,0
9/12/05 9:31,5,10,63,10,5,5,0.7,1,1.8,1,0.7,0.7,15.7,13.61111111,238.23,1.385824,0.397819,91,14.2,0,24,0,0,0,0,0,0,0
9/19/05 8:55,5,5,5,5,10,63,0.7,0.7,0.7,0.7,1,1.8,14.6,12.16666667,283.26,0.983488,5.490154,100,14.4,0,2,0,0,0,0,0,0,0
9/26/05 9:08,5,5,10,5,5,5,0.7,0.7,1,0.7,0.7,0.7,13.2,15.11111111,430.94,1.072896,0.684391,87,15,0,9,0,0,0,0,0,0,0
10/3/05 9:44,5,5,5,5,5,10,0.7,0.7,0.7,0.7,0.7,1,13.1,13.94444444,450.3,1.922272,4.583878,90,14.3,0,16,0,0,0,0,0,0,0
10/10/05 8:34,5,5,5,5,5,5,0.7,0.7,0.7,0.7,0.7,0.7,13.7,9.777777778,233.38,0.983488,0.196593,93,11.3,0,23,0,0,0,0,0,0,0
10/17/05 9:05,5,5,5,5,5,5,0.7,0.7,0.7,0.7,0.7,0.7,12.2,18.16666667,374.29,1.966976,4.640947,55,11.4,0,0,0,1.778,0,1.778,1.778,1.778,1.778
10/24/05 9:56,5,10,10,5,5,5,0.7,1,1,0.7,0.7,0.7,12.7,12.38888889,91.03,1.877568,0.446965,100,14.4,0,7,0,0,0,0,0,0,0
10/31/05 8:50,5,19,19,5,10,10,0.7,1.3,1.3,0.7,1,1,13.4,9.444444444,161.24,2.056384,2.956238,85,10.1,0,14,0,0,0,0,0.254,0.254,1.778
12/6/05 11:05,5,10,19,5,19,19,0.7,1,1.3,0.7,1.3,1.3,11.6,10.22222222,476.45,2.592832,1.972084,61,7.6,0,21,3.302,3.302,3.302,3.302,5.08,5.08,5.08
1/18/06 9:34,10,19,120,5,10,19,1,1.3,2.08,0.7,1,1.3,12.2,11.38888889,138.48,2.68224,3.549632,100,13.5,0,4,0,0,0,0,0.254,0.254,0.254
5/15/06 9:25,5,5,5,10,19,120,0.7,0.7,0.7,1,1.3,2.08,15.6,13.44444444,431.42,4.24688,5.70432,90,13.9,0,3,0,0,0,0,0,0,0
5/16/06 14:10,5,1,5,5,5,5,0.7,0,0.7,0.7,0.7,0.7,15.6,15.94444444,826.04,3.665728,5.655693,80,14.6,0,5,0,0,0,0,0,0,0
5/24/06 8:46,1905,512,134,5,1,5,3.28,2.71,2.13,0.7,0,0.7,15.6,16.16666667,439.17,1.698752,2.987844,90,16.5,0,12,0,15.748,0,16.256,16.51,16.51,16.51
5/25/06 9:51,2454,851,52,1905,512,134,3.39,2.93,1.72,3.28,2.71,2.13,15.6,15.44444444,609.12,3.218688,3.919564,77,13.5,0,13,0,0,0,15.748,16.256,16.51,16.51
5/30/06 8:35,416,331,63,2454,851,52,2.62,2.52,1.8,3.39,2.93,1.72,15.6,11.94444444,210.14,1.877568,5.545634,90,12.6,0,18,0,0,0,0,0,0,0
6/6/06 9:57,40,1,5,416,331,63,1.61,0,0.7,2.62,2.52,1.8,15.6,12.72222222,177.22,1.877568,2.304923,93,13.6,0,25,0,0,0,0,0,0,0
6/12/06 9:40,194,169,19,40,1,5,2.29,2.23,1.3,1.61,0,0.7,15.6,14.55555556,158.33,2.2352,5.726378,83,13.7,0,1,0,0,0,0,0,0,0
6/19/06 9:43,30,5,5,194,169,19,1.49,0.7,0.7,2.29,2.23,1.3,15.6,13.05555556,262.92,2.726944,1.696768,83,12.5,0,8,0,0,0,0,0,0,0
6/26/06 9:26,30,19,10,30,5,5,1.48,1.3,1,1.49,0.7,0.7,15.6,13.44444444,212.56,0.44704,5.816231,97,15,0,15,0,0,0,0,0,0,0
7/5/06 10:04,10,5,10,30,19,10,1,0.7,1,1.48,1.3,1,15.6,13.44444444,314.73,2.369312,1.798559,85,13.2,0,24,0,0,0,0,0,0,0
7/10/06 9:46,95,30,10,10,5,10,1.98,1.48,1,1,0.7,1,15.6,12.22222222,228.54,2.145792,5.039747,95,13.6,0,0,0,0,0,0,0,0,0
7/17/06 9:20,40,5,10,95,30,10,1.61,0.7,1,1.98,1.48,1,15.6,15.5,616.38,1.832864,1.84823,90,15.8,0,7,0,0,0,0,0,0,0
7/18/06 9:20,40,5,10,40,5,10,1.61,0.7,1,1.61,0.7,1,15.6,16.55555556,606.7,3.79984,1.065539,85,16,0,8,0,0,0,0,0,0,0
7/24/06 9:40,30,10,63,40,5,10,1.49,1,1.8,1.61,0.7,1,15.6,19.38888889,583.46,1.966976,5.134314,82,18.6,0,14,0,0,0,0,0,0,0
7/31/06 9:02,52,5,5,30,10,63,1.72,0.7,0.7,1.49,1,1.8,15.6,15.27777778,271.15,2.548128,2.912076,89,15.4,0,21,0,0,0,0,0,0,0
8/7/06 8:22,288,288,63,52,5,5,2.46,2.46,1.8,1.72,0.7,0.7,15.6,16.5,192.23,1.385824,3.673327,77,14.4,0,28,0,0,0,0,0,0,0
8/14/06 8:00,10,10,10,288,288,63,1,1,1,2.46,2.46,1.8,15.6,15.66666667,124.44,1.385824,2.542847,81,14.3,0,5,0,0,0,0,0,1.27,1.27
8/21/06 8:10,158,19,19,10,10,10,2.2,1.3,1.3,1,1,1,15.6,14,49.39,1.296416,4.001768,93,14.9,0,12,0,0,0,0,0,0,0
8/29/06 9:42,186,147,213,158,19,19,2.27,2.17,2.33,2.2,1.3,1.3,15.6,13.22222222,105.56,0.983488,2.72173,94,14.3,0,20,0,0,0,0,0,0,0
8/29/06 9:45,123,63,5,186,147,213,2.09,1.8,0.7,2.27,2.17,2.33,15.6,13.22222222,105.56,0.983488,2.72173,94,14.3,0,20,0,0,0,0,0,0,0
9/5/06 8:14,30,10,40,123,63,5,1.49,1,1.61,2.09,1.8,0.7,15.6,13.05555556,110.88,1.34112,3.127195,94,14.2,0,27,0,0,0,0,0,0,0
9/11/06 9:00,85,52,5,30,10,40,1.93,1.72,0.7,1.49,1,1.61,15.6,15.83333333,456.12,1.654048,3.484498,86,15.5,0,4,0,0,0,0,0,0,0
9/19/06 10:00,52,52,5,85,52,5,1.72,1.72,0.7,1.93,1.72,0.7,15.6,13.44444444,159.79,2.056384,3.423033,93,14.4,0,12,0,0,0,0,0,0,0
9/25/06 8:26,52,10,5,52,52,5,1.72,1,0.7,1.72,1.72,0.7,15.6,14,255.66,2.816352,3.88395,88,14,0,18,0,0,0,0,0,0,0
10/2/06 9:42,19,5,5,52,10,5,1.3,0.7,0.7,1.72,1,0.7,15.6,13.88888889,217.41,1.922272,0.69469,85,13.4,0,25,0,0,0,0,0,0,0
10/9/06 9:31,213,109,19,19,5,5,2.33,2.04,1.3,1.3,0.7,0.7,15.6,15.5,435.78,1.922272,4.15003,75,13.1,0,3,0,0,0,0.254,3.302,3.302,3.302
10/16/06 9:35,52,40,5,213,109,19,1.72,1.61,0.7,2.33,2.04,1.3,15.6,13.83333333,207.24,1.028192,1.162743,87,13.8,0,10,0,0,0,0,0,0,0
10/23/06 9:00,109,74,10,52,40,5,2.04,1.87,1,1.72,1.61,0.7,15.6,15.88888889,364.12,2.056384,3.910837,66,11.9,0,17,0,0,0,0,0,0,0
10/30/06 9:25,72,51,5,109,74,10,1.86,1.71,0.7,2.04,1.87,1,15.6,10.94444444,165.11,2.816352,0.241251,79,10.3,0,24,0,0,0,0,0,0,0
1/2/07 9:14,120,30,5,72,51,5,2.08,1.49,0.7,1.86,1.71,0.7,12.3,5.5,91.03,2.726944,3.634006,87,7.8,0,29,0,0,0,0,0,0,6.35
4/2/07 8:26,162,97,10,120,30,5,2.21,1.99,1,2.08,1.49,0.7,11.7,8.444444444,160.75,1.028192,4.664023,95,10.5,0,0,0,0,0,0,0,0,6.858
4/9/07 9:21,30,10,5,162,97,10,1.48,1,0.7,2.21,1.99,1,11.7,12.16666667,358.31,2.056384,4.048244,91,12.9,0,7,0,9.144,0,9.144,9.144,9.144,9.144
4/17/07 9:37,40,19,5,30,10,5,1.61,1.3,0.7,1.48,1,0.7,11.7,11.27777778,241.62,3.12928,5.326031,87,11.6,0,15,0,7.366,0,7.874,7.874,8.382,9.652
4/25/07 9:35,30,10,5,40,19,5,1.49,1,0.7,1.61,1.3,0.7,11.7,10.27777778,132.67,1.385824,2.756767,95,11.9,0,23,0,0,0,4.318,4.318,10.414,10.414
4/30/07 8:28,19,10,5,30,10,5,1.3,1,0.7,1.49,1,0.7,11.7,10.11111111,231.93,1.475232,4.078777,96,11.8,0,28,0,0,0,0,0,0,0
5/7/07 10:33,63,40,5,19,10,5,1.8,1.61,0.7,1.3,1,0.7,11.7,10.44444,775.69,3.039872,4.751054,94,9.6,0,5,0,0,0,6.858,6.858,8.89,8.89
5/14/07 9:50,40,30,5,63,40,5,1.61,1.49,0.7,1.8,1.61,0.7,11.7,10.66666667,231.45,2.861056,3.103573,91,11.7,0,12,0,0,0,0,0,0,0
5/21/07 9:57,52,52,5,40,30,5,1.72,1.72,0.7,1.61,1.49,0.7,11.7,13.5,426.58,2.056384,4.627563,85,13.1,0,19,0,0,0,0,0,0,0
5/29/07 9:00,234,123,30,52,52,5,2.37,2.09,1.49,1.72,1.72,0.7,11.7,11.72222222,173.34,1.922272,3.597308,83,11.5,0,27,0,0,0,0,0,0,0
6/4/07 10:00,10,10,5,234,123,30,1,1,0.7,2.37,2.09,1.49,11.7,14.38888889,587.33,4.783328,5.47548,89,14.5,0,4,0,0,0,0,0,0,0
6/11/07 8:36,239,144,19,10,10,5,2.38,2.16,1.3,1,1,0.7,11.7,11.61111111,123.47,2.2352,1.828942,89,12.1,0,11,0,0,0,0,0,0,0
6/18/07 7:35,40,5,5,239,144,19,1.61,0.7,0.7,2.38,2.16,1.3,11.7,11.27777778,66.34,2.45872,5.647235,91,12.1,0,18,0,0,0,0,0,0,0
6/25/07 9:37,10,5,5,40,5,5,1,0.7,0.7,1.61,0.7,0.7,11.7,15.05555556,546.18,2.01168,2.103977,80,13.6,0,25,0,0,0,0,0,0,0
7/2/07 8:35,72,51,5,10,5,5,1.86,1.71,0.7,1,0.7,0.7,11.7,15.72222222,369.93,2.01168,5.974333,72,12.9,0,2,0,0,0,0,0,0,0
7/9/07 10:03,63,10,5,72,51,5,1.8,1,0.7,1.86,1.71,0.7,11.7,13.33333333,329.74,4.112768,0.987669,89,13.7,0,9,0,0,0,0,0,0,0
7/16/07 8:27,19,10,30,63,10,5,1.3,1,1.49,1.8,1,0.7,11.7,15.61111111,345.23,1.654048,6.122379,92,16.3,0,16,0,0,0,0,0,0,0
7/24/07 8:02,5,5,30,19,10,30,0.7,0.7,1.49,1.3,1,1.49,11.7,15.27777778,127.34,2.503424,1.648369,93,16.2,0,24,0,0,0,0,0,0,0
7/30/07 9:14,63,52,5,5,5,30,1.8,1.72,0.7,0.7,0.7,1.49,11.7,12.88888889,113.3,1.519936,5.842669,96,14.3,0,1,0,0,0,1.27,46.99,46.99,46.99
8/6/07 8:49,19,5,5,63,52,5,1.3,0.7,0.7,1.8,1.72,0.7,11.7,15.27777778,191.74,2.637536,0.634912,82,14.2,0,8,0,0,0,0,0,0,0
8/13/07 10:05,5,5,5,19,5,5,0.7,0.7,0.7,1.3,0.7,0.7,11.7,18.11111111,718.07,2.726944,5.764282,71,14.8,0,15,0,0,0,0,0,0,0
8/20/07 8:45,10,5,5,5,5,5,1,0.7,0.7,0.7,0.7,0.7,11.7,17.16666667,348.14,0.759968,1.544036,91,17.8,0,22,0,0,0,0,0,0,0
8/27/07 11:25,144,134,5,10,5,5,2.16,2.13,0.7,1,0.7,0.7,11.7,17.33333333,755.83,3.79984,4.808496,83,16.4,0,29,0,0,0,0,0,0,0
9/4/07 10:34,30,10,5,144,134,5,1.49,1,0.7,2.16,2.13,0.7,11.7,18.44444444,618.32,3.755136,0.164347,88,18.6,0,7,0,0,0,0,0,0,0
9/10/07 9:18,30,30,5,30,10,5,1.49,1.49,0.7,1.49,1,0.7,11.7,16.33333333,260.98,1.162304,4.712803,86,16,0,13,0,0,0,0,0,0,0
9/17/07 8:10,181,169,5,30,30,5,2.26,2.23,0.7,1.49,1.49,0.7,11.7,14.77777778,192.71,1.56464,1.97034,93,15.6,0,20,0,0,0,0,0,0,0
9/25/07 8:04,147,23,30,181,169,5,2.17,1.38,1.49,2.26,2.23,0.7,11.7,14.33333333,227.09,2.816352,4.069032,80,13.1,0,28,0,0,0,0,0,0,0
10/1/07 8:44,346,199,5,147,23,30,2.54,2.3,0.7,2.17,1.38,1.49,11.7,12.55555556,231.45,0.938784,1.515811,92,13.3,0,5,0,0,0,0,0,0,0
10/8/07 9:21,63,52,5,346,199,5,1.8,1.72,0.7,2.54,2.3,0.7,11.7,13.83333333,337,2.145792,3.320763,70,11.1,0,12,0,0,0,0,0,0,0
10/22/07 9:46,19,5,10,63,52,5,1.3,0.7,1,1.8,1.72,0.7,11.7,16.88888889,141.39,3.308096,1.506055,40,7.7,0,26,0,1.016,0,1.016,1.016,7.366,7.366
10/29/07 8:05,30,5,10,19,5,10,1.49,0.7,1,1.3,0.7,1,11.7,11.94444444,78.92,1.78816,2.559306,96,13.4,0,4,0,0,0,0,0,0,0
11/5/07 8:13,19,10,5,30,5,10,1.3,1,0.7,1.49,0.7,1,11.7,8.833333333,33.41,1.296416,1.350902,97,11,0,11,0,0,0,0,0,0,0.508
12/3/07 8:20,40,19,19,19,10,5,1.61,1.3,1.3,1.3,1,0.7,11.7,6.5,57.14,3.039872,1.248354,84,8.1,0,9,0,0,0,0,0,0,0
2/28/08 9:21,120,74,5,40,19,19,2.08,1.87,0.7,1.61,1.3,1.3,11.4,7.666666667,190.29,1.475232,3.914368,97,10.2,0,8,0,0,0,3.048,13.716,15.494,19.304
3/11/08 9:58,223,52,5,120,74,5,2.35,1.72,0.7,2.08,1.87,0.7,11.4,11.11111111,298.27,0.938784,5.045822,89,11.8,0,20,0,0,0,0,0,0,0
4/7/08 7:45,158,52,10,223,52,5,2.2,1.72,1,2.35,1.72,0.7,11.4,3.055555556,146.71,1.251712,5.835355,92,7,0,17,0,0,0,0,1.27,1.27,1.27
4/14/08 8:19,109,52,10,158,52,10,2.04,1.72,1,2.2,1.72,1,11.4,8.555555556,111.37,1.519936,2.681263,91,10.2,0,24,0,0,0,0,0,0,0
4/21/08 9:47,52,19,5,109,52,10,1.72,1.3,0.7,2.04,1.72,1,11.4,9.611111111,578.62,1.1176,5.163198,64,7.7,0,1,0,0,0,0,0,0,0
4/28/08 9:11,52,30,5,52,19,5,1.72,1.49,0.7,1.72,1.3,0.7,11.4,10.05555556,506.96,1.78816,3.270866,95,11.7,0,8,0,0,0,0,0,4.826,4.826
5/5/08 9:40,131,97,19,52,30,5,2.12,1.99,1.3,1.72,1.49,0.7,11.4,9,241.13,2.101088,5.327003,85,9.7,0,15,0,0,0,0,0,0,0
5/12/08 8:51,52,30,5,131,97,19,1.72,1.49,0.7,2.12,1.99,1.3,11.4,8.611111111,375.25,2.056384,2.60741,91,10.2,0,22,0,0,0,0,0,0,0
5/19/08 8:31,309,24,5,52,30,5,2.49,1.39,0.7,1.72,1.49,0.7,11.4,6.333333333,229.03,1.34112,4.685237,96,9.2,0,0,0,0,0,0,0,0,0
5/28/08 8:35,10,5,5,309,24,5,1,0.7,0.7,2.49,1.39,0.7,11.4,13.11111111,444.01,1.654048,2.545545,70,10.6,0,9,0,0,0,0,0,0,0
6/2/08 10:03,10,10,5,10,5,5,1,1,0.7,1,0.7,0.7,11.4,12.16666667,553.92,2.592832,3.985091,73,10.3,0,14,0,0,0,0,0,0,0
6/10/08 8:00,97,74,5,10,10,5,1.99,1.87,0.7,1,1,0.7,11.4,12.66666667,438.68,1.743456,2.335145,84,12.3,0,22,0,0,0,0,0,0,0
6/16/08 7:26,30,19,10,97,74,5,1.49,1.3,1,1.99,1.87,0.7,11.4,7.833333333,58.59,1.654048,3.821571,94,9.9,0,28,0,0,0,0,0,0,0
6/23/08 8:44,19,5,5,30,19,10,1.3,0.7,0.7,1.49,1.3,1,11.4,8.944444444,121.05,1.296416,4.644888,92,10.5,0,5,0,0,0,0,0,0,0
6/30/08 9:30,52,10,5,19,5,5,1.72,1,0.7,1.3,0.7,0.7,11.4,10.11111111,242.1,1.207008,2.43622,92,11.4,0,12,0,0,0,0,0,0,0
7/7/08 8:48,30,5,5,52,10,5,1.49,0.7,0.7,1.72,1,0.7,11.4,12.55555556,394.14,0.938784,4.362942,95,13.9,0,19,0,0,0,0,0,0,0
7/14/08 10:02,10,5,5,30,5,5,1,0.7,0.7,1.49,0.7,0.7,11.4,14.88888889,204.82,2.279904,2.749707,90,15.2,0,26,0,0,0,0,0,0,0
7/21/08 10:55,19,10,5,10,5,5,1.3,1,0.7,1,0.7,0.7,11.4,13.33333333,197.07,2.995168,5.329756,84,12.9,0,4,0,0,0,0,0,0,0
7/28/08 8:09,52,19,5,19,10,5,1.72,1.3,0.7,1.3,1,0.7,11.4,10.83333333,99.26,1.296416,1.177909,94,12.2,0,11,0,0,0,0,0,0,0
8/4/08 9:51,19,5,5,52,19,5,1.3,0.7,0.7,1.72,1.3,0.7,11.4,11.16666667,155.91,0.938784,5.287119,91,12,0,18,0,0,0,0,0,0,0
8/11/08 11:00,158,134,5,19,5,5,2.2,2.13,0.7,1.3,0.7,0.7,11.4,11.55555556,447.88,2.637536,1.702628,94,12.8,0,25,0,0,0,0,0,0,0
8/18/08 8:00,40,30,30,158,134,5,1.61,1.49,1.49,2.2,2.13,0.7,11.4,13.16666667,228.54,0.849376,5.536903,92,13.9,0,2,0,0,0,0,0,0,0
8/25/08 9:59,30,10,5,40,30,30,1.49,1,0.7,1.61,1.49,1.49,11.4,13.05555556,430.45,0.89408,0.35287,96,14.4,0,9,0,0,0,0,0,0,0
9/2/08 8:41,2137,1230,97,30,10,5,3.33,3.09,1.99,1.49,1,0.7,11.4,16.44444444,337.97,2.68224,4.772075,50,9.4,0,17,0,0,0,0,0,0,0
9/3/08 9:10,186,158,5,2137,1230,97,2.27,2.2,0.7,3.33,3.09,1.99,11.4,21.77777778,528.26,1.832864,3.858975,50,13,0,18,0,0,0,0,0,0,0
9/8/08 9:20,74,74,5,186,158,5,1.87,1.87,0.7,2.27,2.2,0.7,11.4,13.33333333,129.28,1.251712,1.014501,89,13.7,0,23,0,0,0,0,0,0,0
9/16/08 8:03,10,5,5,74,74,5,1,0.7,0.7,1.87,1.87,0.7,11.4,13.16666667,56.17,0.715264,5.071158,89,13.5,0,1,0,0,0,0,0,0,0
9/23/08 9:55,19,5,10,10,5,5,1.3,0.7,1,1,0.7,0.7,11.4,18.27777778,476.94,1.832864,0.033832,60,12.6,0,8,0,0,0,0,0,0,0
9/29/08 9:09,5,5,5,19,5,10,0.7,0.7,0.7,1.3,0.7,1,11.4,13.16666667,92,1.251712,4.753629,94,14.2,0,14,0,0,0,0,0,0,0
10/6/08 9:59,19,10,5,5,5,5,1.3,1,0.7,0.7,0.7,0.7,11.4,17.05555556,405.76,3.039872,0.931364,78,15.1,0,21,0,0,0,0,0,0,0
10/14/08 11:48,107,5,83,19,10,5,2.03,0.7,1.92,1.3,1,0.7,11.4,22.16666667,632.85,2.503424,4.324892,28,7.4,0,0,0,0,0,0,0,0,0
10/20/08 7:39,5,5,5,107,5,83,0.7,0.7,0.7,2.03,0.7,1.92,11.4,11.22222222,6.78,0.759968,0.320344,91,12.2,0,6,0,0,0,0,0,0,0
10/27/08 9:50,5,5,5,5,5,5,0.7,0.7,0.7,0.7,0.7,0.7,11.4,9.944444444,300.69,2.145792,3.765194,91,11.2,0,13,0,0,0,0,0,0,0
11/19/08 8:30,51,5,10,5,5,5,1.71,0.7,1,0.7,0.7,0.7,11.4,9.444444444,18.4,2.68224,0.928864,90,10.6,0,7,0,0,0,0,0,0,0
12/1/08 9:15,1412,30,5,51,5,10,3.15,1.49,0.7,1.71,0.7,1,11.4,7.166666667,196.58,0.849376,3.030051,97,9.9,0,19,0,0,0,0,0,0,0
1/12/09 12:30,154,131,10,1412,30,5,2.19,2.12,1,3.15,1.49,0.7,11.1,19.16666667,559.73,2.726944,4.432938,37,8.3,0,3,0,0,0,0,0,0,0.254
2/19/09 14:30,5,5,5,154,131,10,0.7,0.7,0.7,2.19,2.12,1,12.1,15.66666667,694.83,2.2352,3.164566,58,10.3,0,11,0,20.574,5.842,37.084,37.592,49.53,60.706
3/10/09 12:00,134,63,5,5,5,5,2.13,1.8,0.7,0.7,0.7,0.7,12.1,11.83333333,837.66,2.279904,4.653694,59,8.2,0,1,0,0,0,0,0,0,19.05
4/6/09 11:00,30,5,10,134,63,5,1.49,0.7,1,2.13,1.8,0.7,12.1,20.16666667,813.94,1.922272,3.216103,33,7.9,0,27,0,0,0,0,0,0,0
4/13/09 11:15,95,19,10,30,5,10,1.98,1.3,1,1.49,0.7,1,12.1,13.77777778,725.81,2.190496,5.006207,82,12.9,0,4,0,0,0,2.286,2.286,7.874,9.398
4/20/09 9:29,85,19,5,95,19,10,1.93,1.3,0.7,1.98,1.3,1,12.1,23.44444444,575.71,2.369312,2.791064,49,14,0,11,0,0,0,0,0,0,0
4/27/09 9:27,85,63,5,85,19,5,1.93,1.8,0.7,1.93,1.3,0.7,12.1,9.666666667,130.73,1.922272,6.033125,100,18.2,0,18,0,0,0,0.508,0.508,0.508,0.508
5/4/09 10:07,95,61,19,85,63,5,1.98,1.79,1.3,1.93,1.8,0.7,12.1,16.33333333,566.51,1.162304,2.305378,100,30.6,0,25,0.254,6.35,0.254,6.35,6.35,6.35,6.35
5/11/09 10:30,5,5,5,95,61,19,0.7,0.7,0.7,1.98,1.79,1.3,12.1,11.27777778,762.13,2.950464,5.434632,86,11.5,0,3,0,0,0,0,0,0.762,2.286
5/18/09 10:00,63,63,19,5,5,5,1.8,1.8,1.3,0.7,0.7,0.7,12.1,11.6666,256.14,3.844544,2.412419,100,4.1,0,10,0,0,0,0,0,0,0
5/26/09 12:00,10,10,10,63,63,19,1,1,1,1.8,1.8,1.3,12.1,11.94444444,929.66,5.453888,6.424591,75,10.5,0,19,0,0,0,0,0,0,0
6/1/09 11:15,144,19,5,10,10,10,2.16,1.3,0.7,1,1,1,12.1,14.94444444,685.14,2.68224,1.683699,77,13.1,0,24,0,0,0,0,0,0,0
6/8/09 11:15,5,5,5,144,19,5,0.7,0.7,0.7,2.16,1.3,0.7,12.1,16.55555556,843.96,5.632704,5.35,66,12.5,0,1,0,0,0,0,0,0,0
6/15/09 10:00,85,63,10,5,5,5,1.93,1.8,1,0.7,0.7,0.7,12.1,17.11111111,312.79,2.45872,2.624611,67,13.1,0,8,0,0,0,0,0,0,0
6/22/09 9:00,173,63,5,85,63,10,2.24,1.8,0.7,1.93,1.8,1,12.1,15.88888889,597.99,1.743456,5.299176,74,13.3,0,15,0,0,0,0,0,0,0
6/29/09 11:00,52,30,5,173,63,5,1.72,1.48,0.7,2.24,1.8,0.7,12.1,14.16666667,433.36,3.308096,1.699527,87,14.2,0,22,0,0,0,0,0,0,0
7/6/09 10:00,85,52,5,52,30,5,1.93,1.72,0.7,1.72,1.48,0.7,12.1,15.22222222,706.93,3.57632,4.824749,79,13.6,0,29,0,0,0,0,0,0,0
7/14/09 10:15,5,5,5,85,52,5,0.7,0.7,0.7,1.93,1.72,0.7,12.1,18.44444444,731.14,2.548128,2.436272,73,15.5,0,7,0,0,0,0,0,0,0
7/20/09 10:15,85,19,10,5,5,5,1.93,1.3,1,0.7,0.7,0.7,12.1,13.16666667,252.27,2.056384,3.829168,93,14.1,0,13,0,0,0,0,0,0,0
7/28/09 9:15,5,5,5,85,19,10,0.7,0.7,0.7,1.93,1.3,1,12.1,12.38888889,177.7,1.609344,1.418208,97,13.9,0,21,0,0,0,0,0,0,0
8/3/09 10:45,144,131,5,5,5,5,2.16,2.12,0.7,0.7,0.7,0.7,12.1,14.5,229.51,2.995168,3.87536,93,15.4,0,27,0,0,0,0,0,0,0
8/3/09 11:00,213,5,5,144,131,5,2.33,0.7,0.7,2.16,2.12,0.7,12.1,15.27777778,326.35,3.084576,3.87536,89,15.4,0,27,0,0,0,0,0,0,0
8/10/09 9:45,30,30,10,213,5,5,1.49,1.49,1,2.33,0.7,0.7,12.1,15.05555556,378.64,3.263392,3.956032,89,15.3,0,5,0,0,0,0,0,0,0
8/17/09 9:15,97,74,10,30,30,10,1.99,1.87,1,1.49,1.49,1,12.1,12.94444444,93.45,1.475232,2.182705,93,13.9,0,12,0,0,0,0,0,0,0
8/24/09 9:45,97,63,5,97,74,10,1.99,1.8,0.7,1.99,1.87,1,12.1,12.83333333,136.06,1.028192,3.490588,89,13.2,0,19,0,0,0,0,0,0,0
8/31/09 9:45,30,10,5,97,63,5,1.48,1,0.7,1.99,1.8,0.7,12.1,13.55555556,153.01,1.877568,2.584354,95,14.8,0,26,0,0,0,0,0,0,0
9/8/09 9:15,63,40,10,30,10,5,1.8,1.61,1,1.48,1,0.7,12.1,14.33333333,475.48,1.654048,3.639823,84,13.8,0,4,0,0,0,0,0,0,0
9/14/09 11:20,2089,954,218,63,40,10,3.32,2.98,2.34,1.8,1.61,1,12.1,18.55555556,656.09,1.832864,0.819892,82,17.6,0,10,0,0,0,0,0,0,0
9/15/09 8:45,363,199,40,2089,954,218,2.56,2.3,1.61,3.32,2.98,2.34,12.1,14.16666667,253.72,1.698752,1.778582,95,15.3,0,11,0,0,0,0,0,0,0
9/21/09 9:45,5,5,5,363,199,40,0.7,0.7,0.7,2.56,2.3,1.61,12.1,13.38888889,127.83,0.983488,4.210885,97,14.9,0,17,0,0,0,0,0,0,0
9/28/09 10:45,52,30,5,5,5,5,1.72,1.49,0.7,0.7,0.7,0.7,12.1,13.55555556,103.62,1.78816,1.334103,95,14.8,0,24,0,0,0,0,0,0,0
10/5/09 9:52,63,40,5,52,30,5,1.8,1.61,0.7,1.72,1.49,0.7,12.1,11.38888889,393.65,2.101088,4.39023,77,10.4,0,2,0,0,0,0,0,0,0
10/12/09 9:00,97,85,5,63,40,5,1.99,1.93,0.7,1.8,1.61,0.7,12.1,13.05555556,147.2,1.519936,0.033051,78,11.7,0,9,0,0,0,0,0,0,0
10/19/09 11:15,147,30,40,97,85,5,2.17,1.49,1.61,1.99,1.93,0.7,12.1,14.55555556,194.65,2.90576,4.290926,88,14.6,0.254,16,0.508,0.508,0.508,0.508,0.508,36.576,62.484
10/26/09 9:55,40,10,5,147,30,40,1.61,1,0.7,2.17,1.49,1.61,12.1,14.77777778,295.85,1.609344,0.698228,74,12.5,0,23,0,0,0,0,0,0,3.302
11/2/09 9:30,426,295,120,40,10,5,2.63,2.47,2.08,1.61,1,0.7,12.1,16.88888889,289.07,2.816352,3.550375,71,13.7,0,0,0,0,0,0,0,0,0.254
11/4/09 9:35,72,51,5,426,295,120,1.86,1.71,0.7,2.63,2.47,2.08,12.1,12.22222222,58.59,2.190496,3.933738,92,13.1,0,2,0,0,0,0,0,0,0
11/30/09 9:30,30,5,5,72,51,5,1.49,0.7,0.7,1.86,1.71,0.7,12.1,8.333333333,184.48,3.442208,2.910228,52,5.7,0,28,0,0,0,0,0,0,0
1/4/10 11:00,52,30,5,30,5,5,1.72,1.49,0.7,1.49,0.7,0.7,12.9,14.94444444,376.71,2.995168,4.010379,55,9.4,0,4,0,0,0,0,0,0.762,2.032
2/1/10 10:15,363,144,40,52,30,5,2.56,2.16,1.61,1.72,1.49,0.7,13.2,9.055555556,268.25,2.90576,5.034648,89,10.3,0,3,0,4.826,0,4.826,4.826,8.128,18.542
3/1/10 10:30,74,52,10,363,144,40,1.87,1.72,1,2.56,2.16,1.61,13.2,11.66666667,95.39,1.475232,4.877319,91,12.5,0,1,0,14.478,2.54,14.478,14.478,48.006,48.006
4/6/10 9:20,186,97,5,74,52,10,2.27,1.99,0.7,1.87,1.72,1,13.2,10.83333333,463.38,1.251712,3.103958,81,10.5,0,8,0,25.654,25.654,25.654,25.654,27.178,29.21
4/13/10 9:50,371,173,19,186,97,5,2.57,2.24,1.3,2.27,1.99,0.7,13.2,12.05555556,373.32,1.207008,4.38619,86,12.1,0,15,3.048,27.432,27.432,27.432,27.432,27.432,27.432
4/19/10 10:45,144,63,30,371,173,19,2.16,1.8,1.49,2.57,2.24,1.3,13.2,14.33333333,233.38,1.296416,4.751377,81,13.3,0,21,0,0,0,0,0,0,2.54
4/26/10 9:15,275,30,10,144,63,30,2.44,1.48,1,2.16,1.8,1.49,13.2,11.55555556,396.56,1.251712,3.622111,95,12.9,0,28,0,0,0,0,0.254,2.032,14.732
5/3/10 9:15,109,30,5,275,30,10,2.04,1.48,0.7,2.44,1.48,1,13.2,16.77777778,558.77,1.609344,4.36271,60,11.6,0,5,0,0,0,0,1.016,2.794,3.556
5/10/10 9:15,588,316,52,109,30,5,2.77,2.5,1.72,2.04,1.48,0.7,13.2,11.77777778,140.42,3.218688,2.927294,86,11.9,0.254,12,3.048,3.048,3.048,3.048,3.048,3.048,3.048
5/17/10 10:00,120,63,30,588,316,52,2.08,1.8,1.49,2.77,2.5,1.72,13.2,13.83333333,301.66,4.515104,5.631299,71,11.2,0,19,0,0,0,0,0,0,0.254
5/24/10 10:00,199,109,5,120,63,30,2.3,2.04,0.7,2.08,1.8,1.49,13.2,13.88888889,727.75,3.218688,2.339166,62,9.8,0,26,0,0,0,0,0,0,2.032
6/1/10 10:15,363,295,52,199,109,5,2.56,2.47,1.72,2.3,2.04,0.7,13.2,14,599.44,5.722112,4.607096,83,13.3,0,5,0,0,0,0,1.524,1.524,4.318
6/7/10 11:00,5,5,5,363,295,52,0.7,0.7,0.7,2.56,2.47,1.72,13.2,15.66666667,783.92,4.380992,2.033416,79,14.2,0,11,0,0,0,0,0,0,0
6/14/10 10:00,1023,1023,10,5,5,5,3.01,3.01,1,0.7,0.7,0.7,13.2,12.05555556,260.5,2.816352,6.274975,90,12.6,0,18,0,0,0,0,0,0,0
6/15/10 9:30,229,40,10,1023,1023,10,2.36,1.61,1,3.01,3.01,1,13.2,12.88888889,597.5,3.218688,5.950343,75,11.1,0,19,0,0,0,0,0,0,0
6/21/10 10:15,74,30,5,229,40,10,1.87,1.49,0.7,2.36,1.61,1,13.2,12.72222222,643.02,2.726944,1.310535,85,12.5,0,25,0,0,0,0,0,0,0
6/28/10 8:45,52,19,19,74,30,5,1.72,1.3,1.3,1.87,1.49,0.7,13.2,12.77777778,415.44,1.966976,5.660408,93,13.7,0,2,0,0,0,0,0,0,0
7/6/10 9:00,213,97,19,52,19,19,2.33,1.99,1.3,1.72,1.3,1.3,13.2,13.05555556,115.24,2.101088,1.56504,92,13.8,0,10,0,0,0,0,0,0,0
7/12/10 9:45,154,154,63,213,97,19,2.19,2.19,1.8,2.33,1.99,1.3,13.2,14.27777778,195.13,2.279904,6.201046,91,14.8,0,16,0,0,0,0,0,0,0
7/21/10 8:12,74,52,19,154,154,63,1.87,1.72,1.3,2.19,2.19,1.8,13.2,12.05555556,62.95,2.101088,1.65349,91,12.9,0,25,0,0,0,0,0,0,0
7/26/10 8:19,5,5,5,74,52,19,0.7,0.7,0.7,1.87,1.72,1.3,13.2,12.77777778,47.94,1.832864,5.486077,87,12.8,0,1,0,0,0,0,0,0,0
8/2/10 9:05,213,134,19,5,5,5,2.33,2.13,1.3,0.7,0.7,0.7,13.2,11.61111111,217.89,1.385824,1.928201,94,12.8,0,8,0,0,0,0,0,0,0
8/9/10 7:45,2454,977,63,213,134,19,3.39,2.99,1.8,2.33,2.13,1.3,13.2,12.66666667,42.13,1.654048,5.136718,88,12.9,0,15,0,0,0,0,0,0,0
8/10/10 10:10,8709,1380,676,2454,977,63,3.94,3.14,2.83,3.39,2.99,1.8,13.2,12.94444444,318.12,1.654048,5.999382,91,13.5,0,16,0,0,0,0,0,0,0
8/16/10 9:30,436,25,52,8709,1380,676,2.64,1.41,1.72,3.94,3.14,2.83,13.2,14.05555556,462.41,1.56464,0.859936,93,15,0,22,0,0,0,0,0,0,0
8/23/10 8:00,346,169,30,436,25,52,2.54,2.23,1.49,2.64,1.41,1.72,13.2,16.16666667,349.11,1.832864,4.700233,72,13.2,0,29,0,0,0,0,0,0,0
8/30/10 8:40,346,109,10,346,169,30,2.54,2.04,1,2.54,2.23,1.49,13.2,13.44444444,317.15,1.251712,2.471384,88,13.6,0,6,0,0,0,0,0,0,0
9/6/10 8:10,63,19,10,346,109,10,1.8,1.3,1,2.54,2.04,1,13.2,12.66666667,316.67,1.609344,3.387507,86,12.6,0,13,0,0,0,0,0,0,0
9/7/10 12:30,645,323,30,63,19,10,2.81,2.51,1.48,1.8,1.3,1,13.2,13.83333333,356.85,3.710432,4.550826,86,13.6,0,15,0,0,0,0,0,0,0
9/13/10 9:54,97,10,5,645,323,30,1.99,1,0.7,2.81,2.51,1.48,13.2,11.66666667,81.83,1.385824,1.626867,88,12.1,0,20,0,51.816,0,51.816,51.816,51.816,51.816
9/20/10 10:05,1148,891,5,97,10,5,3.06,2.95,0.7,1.99,1,0.7,13.2,15.33333333,395.59,3.12928,3.448377,90,15.7,0,27,0,0,0,0,0,0,0
9/21/10 14:12,30,19,5,1148,891,5,1.49,1.3,0.7,3.06,2.95,0.7,13.2,17.22222222,716.13,4.783328,4.02986,73,14.3,0,29,0,0,0,0,0,0,0
9/28/10 9:20,85,30,19,30,19,5,1.93,1.49,1.3,1.49,1.3,0.7,13.2,19.72222222,412.05,1.654048,2.232546,69,15.9,0,5,0,0,0,0,0,0,0
10/4/10 7:46,147,63,10,85,30,19,2.17,1.8,1,1.93,1.49,1.3,13.2,13.11111111,18.4,3.442208,1.67628,87,13.2,0,11,0,0,0,0,0,0,0
10/12/10 9:05,74,19,19,147,63,10,1.87,1.3,1.3,2.17,1.8,1,13.2,21.55555556,382.52,2.056384,1.611035,56,14.5,0,19,0,0,0,0,0,0,0
10/20/10 9:42,2884,1995,2238,74,19,19,3.46,3.3,3.35,1.87,1.3,1.3,13.2,11.66666667,103.62,1.430528,3.324832,92,12.6,0,27,0,4.826,0,4.826,4.826,4.826,4.826
10/21/10 9:45,1949,1174,562,2884,1995,2238,3.29,3.07,2.75,3.46,3.3,3.35,13.2,14.88888889,246.94,1.1176,3.751969,82,13.9,0,28,0,0,0,4.826,4.826,4.826,4.826
10/28/10 10:50,1659,288,5,1949,1174,562,3.22,2.46,0.7,3.29,3.07,2.75,13.2,15.77777778,476.94,2.503424,1.294268,45,8.1,0,6,0,0,0,3.302,10.668,11.684,12.7
11/4/10 10:05,19,5,19,1659,288,5,1.3,0.7,1.3,3.22,2.46,0.7,13.2,21.72222222,376.22,2.950464,3.281162,49,12.7,0,13,0,0,0,0,0,1.778,1.778
11/15/10 9:30,97,19,30,19,5,19,1.99,1.3,1.49,1.3,0.7,1.3,13.2,13.61111111,253.72,1.519936,1.185728,76,11.9,0,24,0,0,0,0,0,0,0
12/1/10 10:21,74,52,5,97,19,30,1.87,1.72,0.7,1.99,1.3,1.49,13.2,7.944444444,347.65,2.414016,1.408451,69,7.4,0,10,0,0,0,8.128,8.636,8.636,8.636
1/6/11 8:31,97,19,5,74,52,5,1.99,1.3,0.7,1.87,1.72,0.7,12.1,5.388888889,29.05,2.592832,4.153521,78,7,0,16,0,0,0,7.112,21.336,23.368,23.368
2/8/11 9:24,107,83,213,97,19,5,2.03,1.92,2.33,1.99,1.3,0.7,11.5,10.66666667,229.99,1.922272,4.176458,40,5.1,0,20,0,0,0,0,0,0,0
2/9/11 13:53,85,63,5,107,83,213,1.93,1.8,0.7,2.03,1.92,2.33,11.5,16.22222222,604.28,4.604512,3.961094,34,6.2,0,22,0,0,0,0,0,0,0
3/10/11 12:10,194,120,19,85,63,5,2.29,2.08,1.3,1.93,1.8,0.7,11.5,14.27777778,687.56,2.414016,4.576624,77,12.5,0,21,0,0,0,0,2.032,2.032,2.032
4/4/11 8:35,630,380,5,194,120,19,2.8,2.58,0.7,2.29,2.08,1.3,11.5,11.38888889,306.01,1.877568,4.935569,70,9.4,0,16,0,0,0,0,0,0,0
4/11/11 9:30,147,30,10,630,380,5,2.17,1.49,1,2.8,2.58,0.7,11.5,12.33333333,481.78,0.938784,3.201529,69,10,0,23,0,0.508,0,0.508,2.032,2.032,2.032
4/18/11 9:30,40,10,5,147,30,10,1.61,1,0.7,2.17,1.49,1,11.5,12.33333333,229.99,2.592832,5.662089,93,13.3,0,1,0,0,0,0,0,0,0
4/25/11 9:20,213,74,5,40,10,5,2.33,1.87,0.7,1.61,1,0.7,11.5,13.72222222,204.33,1.609344,2.644155,75,11.7,0,8,0,0,0,0,0.254,0.254,0.508
5/2/11 9:00,1047,630,74,213,74,5,3.02,2.8,1.87,2.33,1.87,0.7,11.5,17.38888889,611.06,2.45872,4.527635,44,8.8,0,15,0,0,0,0,0,0,0
5/3/11 9:30,204,165,74,1047,630,74,2.31,2.22,1.87,3.02,2.8,1.87,11.5,13.27777778,609.12,2.279904,4.937387,79,12.1,0,16,0,0,0,0,0,0,0
5/9/11 8:10,338,257,10,204,165,74,2.53,2.41,1,2.31,2.22,1.87,11.5,11.66666667,459.99,1.519936,3.805561,67,9.3,0,22,0,0,0,0,0,0,0
5/23/11 8:11,257,97,19,338,257,10,2.41,1.99,1.3,2.53,2.41,1,11.5,12,238.71,5.81152,3.208541,79,11.1,0,6,0,0,0,0,0,5.588,8.89
6/8/11 9:32,3235,426,309,257,97,19,3.51,2.63,2.49,2.41,1.99,1.3,11.5,13.44444444,241.13,2.101088,2.736926,77,11.8,0,22,0,0,0,2.794,7.874,7.874,7.874
6/9/11 11:05,338,109,134,3235,426,309,2.53,2.04,2.13,3.51,2.63,2.49,11.5,13.38888889,379.13,3.531616,1.867625,81,12.4,0,23,0,0,0,0,0,7.874,7.874
6/13/11 9:21,97,40,5,338,109,134,1.99,1.61,0.7,2.53,2.04,2.13,11.5,13.61111111,394.14,1.877568,3.038449,86,13.4,0,27,0,0,0,0,0,0,0
6/20/11 8:42,85,30,5,97,40,5,1.93,1.48,0.7,1.99,1.61,0.7,11.5,18.44444444,458.05,1.072896,4.24627,67,14.3,0,5,0,0,0,0,0,0,0
6/27/11 9:10,40,30,40,85,30,5,1.61,1.49,1.61,1.93,1.48,0.7,11.5,12.61111111,160.27,2.503424,2.528803,91,13.4,0,12,0,0,0,0,0,0,0
7/5/11 8:38,575,245,63,40,30,40,2.76,2.39,1.8,1.61,1.49,1.61,11.5,11.88888889,210.14,1.385824,4.707511,97,13.4,0,20,0,0,0,0,0,0,6.096
7/11/11 8:51,97,63,19,575,245,63,1.99,1.8,1.3,2.76,2.39,1.8,11.5,13.38888889,200.46,3.844544,1.731172,90,13.8,0,26,0,0,0,0,0,0,0
7/18/11 9:12,676,676,5,97,63,19,2.83,2.83,0.7,1.99,1.8,1.3,11.5,18.61111111,612.03,1.162304,5.133678,62,13.3,0,4,0,0,0,0,0,4.826,4.826
7/19/11 9:22,97,52,63,676,676,5,1.99,1.72,1.8,2.83,2.83,0.7,11.5,14.33333333,321.02,2.861056,4.355447,97,15.8,0,5,0,0,0,0,0,0,4.826
7/25/11 8:35,269,144,19,97,52,63,2.43,2.16,1.3,1.99,1.72,1.8,11.5,14.11111111,128.31,1.654048,1.643356,84,13.5,0,11,0,0,0,0,0,0,0
8/1/11 9:09,630,30,19,269,144,19,2.8,1.49,1.3,2.43,2.16,1.3,11.5,14.66666667,199.97,1.251712,6.031679,82,13.7,0,18,0,0,0,0,0,0,0
8/8/11 9:10,97,30,5,630,30,19,1.99,1.49,0.7,2.8,1.49,1.3,11.5,13.77777778,111.37,0.938784,0.739223,95,15,0,25,0,0,0,0,0,0,0
8/15/11 8:23,19,5,10,97,30,5,1.3,0.7,1,1.99,1.49,0.7,11.5,13.5,295.85,1.743456,5.364288,97,15,0,2,0,0,0,0,0,0,0
8/22/11 9:05,30,19,10,19,5,10,1.49,1.3,1,1.3,0.7,1,11.5,14.11111111,98.29,1.832864,1.248132,90,14.5,0,9,0,0,0,0,0,0,0
8/29/11 9:25,134,109,30,30,19,10,2.13,2.04,1.49,1.49,1.3,1,11.5,12.33333333,156.88,1.56464,5.587253,98,14,0,16,0,0,0,0,0,0,0
9/6/11 9:17,30,30,30,134,109,30,1.48,1.48,1.49,2.13,2.04,1.49,11.5,13.16666667,322.48,1.207008,0.504949,93,14.1,0,24,0,0,0,0,0,0,0
9/12/11 8:34,562,52,5,30,30,30,2.75,1.72,0.7,1.48,1.48,1.49,11.5,16.22222222,278.41,0.983488,4.879398,81,15,0,0,0,0,0,0,0,0,0
9/19/11 8:25,123,123,5,562,52,5,2.09,2.09,0.7,2.75,1.72,0.7,11.5,17.83333333,285.68,2.145792,1.37355,67,13.6,0,7,0,0,0,0,0,0,0
9/26/11 9:50,5,5,5,123,123,5,0.7,0.7,0.7,2.09,2.09,0.7,11.5,16.55555556,448.85,0.938784,4.249378,89,16.8,0,14,0,0,0,0,0,0,0
10/3/11 9:19,30,5,10,5,5,5,1.48,0.7,1,0.7,0.7,0.7,11.5,15.27777778,432.39,2.548128,0.413542,83,14.5,0,21,0,0,0,0,0,0,0
10/10/11 9:56,1778,794,213,30,5,10,3.25,2.9,2.33,1.48,0.7,1,11.5,13.88888889,172.37,1.251712,3.947011,97,15.3,0,28,0,0,0,2.032,5.334,25.908,32.512
10/17/11 7:55,63,52,5,1778,794,213,1.8,1.72,0.7,3.25,2.9,2.33,11.5,10.05555556,42.13,1.251712,1.87609,96,11.9,0,6,0,0,0,0,0,0,0.508
10/24/11 9:54,398,204,147,63,52,5,2.6,2.31,2.17,1.8,1.72,0.7,11.5,12.44444444,96.84,2.324608,2.654267,96,13.9,0,13,0,0,0,0,0,0,0
10/26/11 9:30,120,5,5,398,204,147,2.08,0.7,0.7,2.6,2.31,2.17,11.5,11.05555556,337.49,2.369312,4.28259,89,11.7,0,15,0,0,0,0,0,0,0
10/31/11 9:16,10,10,5,120,5,5,1,1,0.7,2.08,0.7,0.7,11.5,12.83333333,319.09,1.922272,1.399614,86,12.7,0,20,0,0,0,0,0,0,0
11/16/11 9:15,40,10,30,10,10,5,1.61,1,1.49,1,1,0.7,11.5,9.277777778,270.67,0.759968,2.237684,96,11.2,0,6,0,0,0,0,5.08,5.08,5.08
12/19/11 9:31,52,30,19,40,10,30,1.72,1.49,1.3,1.61,1,1.49,11.5,7.222222222,75.05,2.637536,1.826266,84,8.5,0,9,0,0,0,0,0,0,0
1/3/12 8:50,97,63,5,52,30,19,1.99,1.8,0.7,1.72,1.49,1.3,11.7,4.833333333,43.58,1.78816,2.454766,91,7.9,0,24,0,0,0,0,0,0,0
2/28/12 8:37,19,19,5,97,63,5,1.3,1.3,0.7,1.99,1.8,0.7,12.2,3.222222222,63.91,1.385824,4.005722,90,6.9,0,21,0,0.254,0.254,0.254,0.254,0.254,0.254
3/22/12 9:35,120,10,10,19,19,5,2.08,1,1,1.3,1.3,0.7,12.2,10.33333333,189.81,1.56464,4.793396,96,12.1,0,14,0,0,0,0.254,12.446,35.814,36.322
4/9/12 12:15,51,19,40,120,10,10,1.71,1.3,1.61,2.08,1,1,12.2,14.61111111,841.05,3.263392,5.950786,66,11,0,4,0,0,0,0,0,0.254,0.254
4/17/12 9:00,676,316,10,51,19,40,2.83,2.5,1,1.71,1.3,1.61,12.2,14.61111111,550.53,1.072896,3.162839,69,11.5,0,11,0,0,0,0,19.05,33.528,45.974
4/24/12 8:40,457,95,19,676,316,10,2.66,1.98,1.3,2.83,2.5,1,12.2,15.61111111,265.83,3.3528,5.016981,75,13.2,0,18,0,0,0,0,0,0,0
5/1/12 9:00,173,52,10,457,95,19,2.24,1.72,1,2.66,1.98,1.3,12.2,11.22222222,248.88,2.592832,2.214725,83,11,0,25,0,0,0,0,0,7.62,7.874
5/8/12 10:18,186,85,30,173,52,10,2.27,1.93,1.48,2.24,1.72,1,12.2,13.66666667,779.08,3.218688,6.29779,80,12.5,0,3,0,0,0,0,1.016,1.016,1.016
5/15/12 9:25,281,51,52,186,85,30,2.45,1.71,1.72,2.27,1.93,1.48,12.2,11.16666667,362.18,2.279904,2.221806,90,11.9,0,10,0,0,0,0,0,0,0
5/21/12 8:37,1148,758,19,281,51,52,3.06,2.88,1.3,2.45,1.71,1.72,12.2,10.22222222,205.3,1.385824,5.095037,94,11.7,0,16,0,0,0,0,0,0,0
5/22/12 9:15,1995,1548,173,1148,758,19,3.3,3.19,2.24,3.06,2.88,1.3,12.2,11,516.64,2.592832,5.289405,96,12.6,0,17,0,0,0,0,0,0,0
5/23/12 9:05,501,107,19,1995,1548,173,2.7,2.03,1.3,3.3,3.19,2.24,12.2,14.05555556,635.27,2.324608,5.291838,79,12.7,0,18,0,0,0,0,0,0,0
5/29/12 8:35,1778,354,10,501,107,19,3.25,2.55,1,2.7,2.03,1.3,12.2,11.61111111,460.47,2.101088,2.053451,78,10.6,0,24,0,0,0,0,0,0,0
5/31/12 8:05,1288,1148,30,1778,354,10,3.11,3.06,1.48,3.25,2.55,1,12.2,10,362.18,1.743456,1.722747,96,11.7,0,26,0,0,0,0,0,0,0
6/12/12 9:17,204,63,10,1288,1148,30,2.31,1.8,1,3.11,3.06,1.48,12.2,10.11111111,218.37,2.90576,1.723774,92,11.4,0,8,0,0,0,0,0,0,0
6/18/12 9:14,436,213,5,204,63,10,2.64,2.33,0.7,2.31,1.8,1,12.2,11.11111111,358.31,2.90576,4.57116,89,11.8,0,14,0,0,0,0,0,0,0
6/25/12 8:45,40,5,5,436,213,5,1.61,0.7,0.7,2.64,2.33,0.7,12.2,14.27777778,463.38,1.34112,3.389649,71,11.5,0,21,0,0,0,0,0,0,0
7/2/12 10:06,213,40,52,40,5,5,2.33,1.61,1.72,1.61,0.7,0.7,12.2,12.94444444,323.44,3.12928,4.302506,90,13.4,0,28,0,0,0,0,0,0,0
7/9/12 9:26,269,144,19,213,40,52,2.43,2.16,1.3,2.33,1.61,1.72,12.2,10.66666667,217.89,2.68224,2.756514,95,12.3,0,6,0,0,0,0,0,0,0
7/16/12 8:22,616,446,52,269,144,19,2.79,2.65,1.72,2.43,2.16,1.3,12.2,13.11111111,136.54,2.45872,3.612446,84,12.6,0,13,0,0,0,0,0,0,0
7/17/12 8:55,301,269,40,616,446,52,2.48,2.43,1.61,2.79,2.65,1.72,12.2,12.88888889,102.17,1.698752,4.341689,87,13,0,14,0,0,0,0,0,0,0
7/23/12 8:50,169,120,40,301,269,40,2.23,2.08,1.61,2.48,2.43,1.61,12.2,12.11111111,96.84,2.056384,4.255371,88,12.5,0,20,0,0,0,0,0,0,0
7/30/12 9:44,288,40,40,169,120,40,2.46,1.61,1.61,2.23,2.08,1.61,12.2,9.833333333,224.18,1.34112,2.768522,95,11.6,0,27,0,0,0,0,0,0,0
8/6/12 8:50,1949,812,10,288,40,40,3.29,2.91,1,2.46,1.61,1.61,12.2,10.22222222,319.09,1.475232,3.805245,95,11.9,0,5,0,0,0,0,0,0,0
8/7/12 9:25,74,52,5,1949,812,10,1.87,1.72,0.7,3.29,2.91,1,12.2,15.77777778,575.23,1.430528,2.836454,81,14.5,0,6,0,0,0,0,0,0,0
8/13/12 8:22,346,131,30,74,52,5,2.54,2.12,1.49,1.87,1.72,0.7,12.2,13,233.87,1.519936,2.408371,97,10.5,0,12,0,0,0,0,0,0,0
8/20/12 8:30,316,186,5,346,131,30,2.5,2.27,0.7,2.54,2.12,1.49,12.2,11.33333333,138,2.01168,4.957939,98,13.2,0,19,0,0,0,0,0,0,0
8/27/12 9:56,109,30,5,316,186,5,2.04,1.49,0.7,2.5,2.27,0.7,12.2,16.44444444,547.14,1.207008,1.384636,70,13.2,0,26,0,0,0,0,0,0,0
9/4/12 8:58,257,169,5,109,30,5,2.41,2.23,0.7,2.04,1.49,0.7,12.2,10.72222222,78.44,1.072896,3.688953,97,12.5,0,4,0,0,0,0,0,0,0
9/10/12 8:20,173,109,10,257,169,5,2.24,2.04,1,2.41,2.23,0.7,12.2,11.83333333,85.7,1.028192,1.366734,97,13.5,0,10,0,0,0,0,0,0,0
9/17/12 8:50,51,19,10,173,109,10,1.71,1.3,1,2.24,2.04,1,12.2,12.16666667,61.49,1.251712,5.114532,89,12.6,0,17,0,0,0,0,0,0,0
9/25/12 10:18,301,229,269,51,19,10,2.48,2.36,2.43,1.71,1.3,1,12.2,13.11111111,350.56,1.251712,1.113456,89,13.5,0,25,0,0,0,0,0,0,0
9/26/12 14:10,19,5,5,301,229,269,1.3,0.7,0.7,2.48,2.36,2.43,12.2,13.44444444,277.93,2.950464,2.126251,89,13.8,0,27,0,0,0,0,0,0,0
10/1/12 8:50,10,5,5,19,5,5,1,0.7,0.7,1.3,0.7,0.7,12.2,17.94444444,249.85,2.637536,4.516166,59,12.2,0,2,0,0,0,0,0,0,0
10/8/12 8:58,30,19,5,10,5,5,1.48,1.3,0.7,1,0.7,0.7,12.2,10.88888889,240.65,0.67056,0.909703,96,12.5,0,9,0,0,0,0,0,0,0
10/16/12 8:45,512,123,269,4365,2238,1071,2.71,2.09,2.43,3.64,3.35,3.03,12.2,13.16666667,176.25,0.581152,4.651349,98,14.8,0,17,0,0,0,0,0,0,0
10/18/12 8:50,97,10,40,512,123,269,1.99,1,1.61,2.71,2.09,2.43,12.2,19.44444444,205.78,3.084576,3.423938,41,9.2,0,19,0,0,0,0,0,0,0
10/29/12 8:47,338,52,52,97,10,40,2.53,1.72,1.72,1.99,1,1.61,12.2,10.88888889,58.59,1.296416,4.088992,99,12.9,0,0,0,0,0,0,0,0,0
11/5/12 8:00,354,40,30,338,52,52,2.55,1.61,1.48,2.53,1.72,1.72,12.2,15.33333333,136.06,2.771648,1.863122,61,10.5,0,7,0,0,0,1.778,2.794,2.794,2.794
12/10/12 8:00,602,74,10,354,40,30,2.78,1.87,1,2.55,1.61,1.48,12.2,7.944444444,47.94,3.173984,2.140684,81,8.6,0,12,0,0,0,0,0,0,0
1/14/13 8:33,275,109,72,602,74,10,2.44,2.04,1.86,2.78,1.87,1,11.2,-2.5,34.86,1.296416,4.673881,87,4.5,0,17,0,0,0,0,0.508,0.508,0.508
2/25/13 8:33,85,63,5,275,109,72,1.93,1.8,0.7,2.44,2.04,1.86,11.7,3.111111111,132.67,1.251712,4.009715,78,5.9,0,0,0,0,0,0,0,5.842,5.842
3/18/13 10:24,1288,245,154,85,63,5,3.11,2.39,2.19,1.93,1.8,0.7,12.6,11.16666667,563.61,0.759968,3.356742,89,11.8,0,21,0,0,0,0,0,0,0
3/25/13 9:43,239,213,109,1288,245,154,2.38,2.33,2.04,3.11,2.39,2.19,12.4,9.333333333,325.38,0.89408,3.888576,94,11,0,28,0,0,0,0,3.302,3.81,3.81
3/26/13 14:01,5,5,5,239,213,109,0.7,0.7,0.7,2.38,2.33,2.04,12.8,13.38888889,716.13,1.922272,4.41848,72,11,0,30,0,0,0,0,0,3.302,3.81
4/8/13 8:40,1737,186,549,5,5,5,3.24,2.27,2.74,0.7,0.7,0.7,13.9,10.5,325.38,2.2352,4.0859,68,8.6,0,12,1.016,1.016,1.016,1.27,3.81,3.81,3.81
4/10/13 8:25,2089,501,245,1737,186,549,3.32,2.7,2.39,3.24,2.27,2.74,13.4,11.55555556,335.07,1.296416,5.100637,75,10.2,0,14,0,1.016,0,1.016,1.016,1.27,3.81
4/11/13 12:20,257,63,5,2089,501,245,2.41,1.8,0.7,3.32,2.7,2.39,13.8,12.94444444,831.85,2.279904,5.289611,80,11.9,0,16,0,0,0,1.016,1.016,1.016,1.016
4/15/13 7:35,74,30,10,257,63,5,1.87,1.49,1,2.41,1.8,0.7,13,8.777777778,153.01,2.503424,4.201498,83,9.4,0,19,0,0,0,0,0,0,0
4/23/13 9:14,4365,3890,416,74,30,10,3.64,3.59,2.62,1.87,1.49,1,12.2,9.055555556,169.95,1.475232,3.434582,97,11.2,0,27,0,0,0,0,0,0,0
4/29/13 8:29,501,186,30,4365,3890,416,2.7,2.27,1.48,3.64,3.59,2.62,12.4,14.22222222,390.26,0.536448,5.380418,77,12.5,0,4,0,0,0,0,0,0,0
5/6/13 8:30,8709,489,30,501,186,30,3.94,2.69,1.49,2.7,2.27,1.48,12.6,15.83333333,302.62,2.2352,3.009177,74,13.2,0,11,0,0,0,0,0,0,0
5/13/13 11:03,331,134,63,8709,489,30,2.52,2.13,1.8,3.94,2.69,1.49,14.2,13.77777778,787.79,1.743456,4.961498,89,14,0,18,0,0,0,0,0,0,0
5/20/13 9:20,30,5,19,331,134,63,1.49,0.7,1.3,2.52,2.13,1.8,14.4,18.33333333,620.26,0.625856,2.082567,68,14.3,0,25,0,0,0,0,0,0,0
5/28/13 9:00,19,10,19,30,5,19,1.3,1,1.3,1.49,0.7,1.3,12.6,14.22222222,324.41,1.296416,5.686757,96,15.6,0,4,0,0,0,0,0,0,0
6/3/13 10:39,97,63,63,19,10,19,1.99,1.8,1.8,1.3,1,1.3,12.5,11.88888889,199.97,1.698752,1.966832,92,12.9,0,10,0,0,0,0,0,0,0
6/10/13 8:37,40,19,10,97,63,63,1.61,1.3,1,1.99,1.8,1.8,13.9,14.55555556,112.82,0.983488,5.36855,80,13.3,0,17,0,0,0,0,0,0,0
6/17/13 11:45,10,10,5,40,19,10,1,1,0.7,1.61,1.3,1,15.3,15.94444444,811.03,2.369312,1.845879,76,13.8,0,24,0,0,0,0,0,0,0
6/24/13 10:33,61,19,109,10,10,5,1.79,1.3,2.04,1,1,0.7,14.5,13,151.07,1.475232,6.447293,98,14.7,0,1,0.254,0.254,0.254,0.254,0.254,0.254,0.254
6/25/13 3:20,30,19,5,61,19,109,1.48,1.3,0.7,1.79,1.3,2.04,13.9,13.22222222,0,1.34112,6.485654,98,14.9,0,2,0.254,0.254,0.254,0.254,0.254,0.254,0.254
7/1/13 8:30,30,30,5,30,19,5,1.49,1.49,0.7,1.48,1.3,0.7,13.9,14.38888889,398.01,0.715264,1.343663,96,15.7,0,8,0,0,0,0,0,0,0
7/8/13 10:35,5,5,10,30,30,5,0.7,0.7,1,1.49,1.49,0.7,14.7,15.22222222,748.09,1.877568,5.280286,77,13.3,0,15,0,0,0,0,0,6.096,6.096
7/15/13 8:40,213,134,74,5,5,10,2.33,2.13,1.87,0.7,0.7,1,16.2,11.33333333,70.69,1.207008,2.194825,92,12.4,0,22,0,0,0,0,0,0,0
7/22/13 12:40,5,5,5,213,134,74,0.7,0.7,0.7,2.33,2.13,1.87,15.1,16.27777778,572.32,2.01168,5.564494,84,15.6,0,1,0,0,0,0,0,0,0
7/29/13 10:25,85,19,5,5,5,5,1.93,1.3,0.7,0.7,0.7,0.7,13.6,15.16666667,536.01,2.2352,1.44936,84,14.4,0,7,0,0,0,0,0,0,0
8/5/13 9:15,263,147,40,85,19,5,2.42,2.17,1.61,1.93,1.3,0.7,14.4,12.33333333,151.07,0.804672,4.605663,95,13.6,0,14,0,22.86,22.86,22.86,22.86,22.86,22.86
8/12/13 8:36,10,10,10,263,147,40,1,1,1,2.42,2.17,1.61,15.5,11.94444444,64.4,0.938784,2.85308,98,13.7,0,21,0,0,0,0,0,0.762,0.762
8/19/13 9:50,758,524,52,10,10,10,2.88,2.72,1.72,1,1,1,13.3,13.44444444,206.27,1.1176,3.985589,96,14.9,0,28,0,0,0,0,0,0,0
8/20/13 10:00,120,74,10,758,524,52,2.08,1.87,1,2.88,2.72,1.72,13.9,13.66666667,205.78,1.519936,5.128656,94,14.7,0,0,0,0,0,0,0,0,0
8/26/13 8:48,61,39,5,120,74,10,1.79,1.6,0.7,2.08,1.87,1,16.2,14.94444444,115.24,1.028192,2.2144,96,16.3,0,6,0.254,3.302,0.254,3.302,3.302,3.302,3.302
9/3/13 9:45,199,123,5,61,39,5,2.3,2.09,0.7,1.79,1.6,0.7,15.4,18.16666667,509.86,0.67056,4.061595,80,16.6,0,14,0,0,0,0,0,0,0
9/9/13 9:00,97,10,5,199,123,5,1.99,1,0.7,2.3,2.09,0.7,14.7,13.16666667,306.01,0.491744,3.558008,98,14.9,0,20,0,0,0,0,0,0,0
9/16/13 10:14,144,109,10,97,10,5,2.16,2.04,1,1.99,1,0.7,16.3,16.05555556,621.23,1.207008,2.294352,86,15.7,0,27,0,0,0,0,0,0,0
9/23/13 10:40,30,5,5,144,109,10,1.49,0.7,0.7,2.16,2.04,1,999,18.16666667,608.15,1.56464,3.15243,68,14.3,0,4,0,2.032,1.016,2.032,2.032,2.032,2.032
9/30/13 9:40,30,19,5,30,5,5,1.48,1.3,0.7,1.49,0.7,0.7,999,17.11111111,430.45,0.804672,2.025652,84,16.4,0,11,0,0,0,12.192,12.192,12.192,12.192
10/7/13 10:45,10,5,10,30,19,5,1,0.7,1,1.48,1.3,0.7,13.4,17.44444444,560.7,0.849376,4.100838,57,11.3,0,18,0,0,0,0,0,0,0